resource_geoid,category,count
36005000200,Family,4
36005000200,Store,1
36005000400,Center,3
36005000400,Family,2
36005000400,Store,4
36005001600,Center,3
36005001600,Family,6
36005001600,School,2
36005001900,Family,1
36005001900,School,1
36005001900,Store,2
36005001900,Workforce Development/Workforce1 Career Center,1
36005002000,Center,2
36005002000,Family,15
36005002000,School,1
36005002000,Store,5
36005002300,Center,1
36005002300,Family,1
36005002300,School,1
36005002300,Store,3
36005002500,Center,2
36005002500,Family,8
36005002500,School,2
36005002500,Store,7
36005002500,Workforce Development/Job Plus Site,1
36005002701,Center,1
36005002701,Family,3
36005002701,Store,1
36005002702,Center,1
36005002702,Family,3
36005002702,Store,11
36005002800,Family,5
36005002800,School,1
36005002800,Store,2
36005002800,Workforce Development/Job Plus Site,1
36005003100,Family,2
36005003100,School,1
36005003100,Store,1
36005003300,Family,11
36005003300,School,2
36005003300,Store,4
36005003500,Center,1
36005003500,Family,6
36005003500,Store,3
36005003800,Family,3
36005003900,Center,2
36005003900,Family,2
36005003900,School,5
36005003900,Store,15
36005004001,Family,1
36005004001,School,2
36005004001,Store,1
36005004100,Center,2
36005004100,Family,4
36005004100,Store,2
36005004200,Family,8
36005004200,School,1
36005004200,Store,5
36005004300,Center,5
36005004300,Family,14
36005004300,School,2
36005004300,Store,13
36005004400,Center,2
36005004400,Family,6
36005004600,Family,1
36005004600,Store,3
36005004800,Family,6
36005004800,Store,2
36005005001,Center,1
36005005001,Family,6
36005005002,Family,10
36005005002,Store,13
36005005100,Center,3
36005005100,Family,9
36005005100,School,1
36005005100,Store,11
36005005100,Workforce Development/HRA Job Center,1
36005005200,Center,3
36005005200,Family,11
36005005200,Store,5
36005005300,Family,3
36005005300,School,1
36005005300,Store,4
36005005400,Center,2
36005005400,Family,12
36005005400,School,2
36005005400,Store,2
36005005600,Family,15
36005005600,Store,1
36005005902,Family,7
36005006000,Family,2
36005006000,School,1
36005006000,Store,1
36005006100,School,2
36005006100,Store,3
36005006200,Center,1
36005006200,Family,8
36005006200,Store,4
36005006300,Center,2
36005006300,Family,14
36005006300,Store,17
36005006400,Family,6
36005006400,Store,1
36005006500,Center,2
36005006500,Family,4
36005006500,Store,21
36005006700,Family,5
36005006700,School,1
36005006700,Store,11
36005006800,Center,1
36005006800,Family,4
36005006800,Store,4
36005006900,Family,10
36005006900,School,1
36005006900,Store,17
36005007000,Family,8
36005007100,Center,2
36005007100,Family,4
36005007100,Store,3
36005007200,Center,1
36005007200,Family,8
36005007200,Store,7
36005007300,Center,1
36005007300,Family,19
36005007300,School,1
36005007300,Store,5
36005007300,Workforce Development/Job Plus Site,1
36005007400,Center,1
36005007400,Family,7
36005007400,School,1
36005007500,Center,1
36005007500,Family,15
36005007500,School,1
36005007500,Store,5
36005007600,Family,5
36005007600,Store,7
36005007700,Family,5
36005007700,Store,5
36005007800,Center,3
36005007800,Family,3
36005007800,School,1
36005007800,Store,1
36005007900,Center,3
36005007900,Family,19
36005007900,School,2
36005007900,Store,6
36005008300,Center,3
36005008300,Family,13
36005008300,School,1
36005008300,Store,11
36005008400,Family,3
36005008400,Store,1
36005008500,Center,2
36005008500,Family,19
36005008500,School,1
36005008500,Store,6
36005008600,Center,3
36005008600,Family,3
36005008600,Store,5
36005008700,Center,3
36005008700,Family,4
36005008700,School,1
36005008700,Store,7
36005008900,Center,2
36005008900,Family,4
36005008900,Store,3
36005009000,Family,2
36005009000,Store,2
36005009200,Family,4
36005009200,Store,5
36005009300,Center,1
36005009300,Family,12
36005009300,School,1
36005009300,Store,12
36005009300,Workforce Development/HRA Job Center,2
36005009600,Center,1
36005009600,Family,2
36005009600,Store,5
36005009800,Family,4
36005009800,Store,2
36005011502,Family,5
36005011502,Store,5
36005011700,Family,3
36005011700,Store,3
36005011800,Center,1
36005011800,Family,2
36005011800,Store,1
36005011900,Family,13
36005011900,School,1
36005011900,Store,5
36005012101,Center,1
36005012101,Family,9
36005012101,Store,3
36005012102,Family,1
36005012102,Store,2
36005012300,Center,1
36005012300,Family,6
36005012300,Store,3
36005012500,Family,10
36005012500,Store,3
36005012701,Center,1
36005012701,Family,7
36005012701,School,1
36005012701,Store,3
36005012901,Center,2
36005012901,Family,5
36005012901,Store,8
36005013100,Center,1
36005013100,Family,6
36005013100,Store,3
36005013200,Center,2
36005013200,Family,6
36005013200,Store,2
36005013300,Center,2
36005013300,Family,9
36005013300,Store,2
36005013500,Family,9
36005013500,School,2
36005013800,Store,3
36005014100,Center,3
36005014100,Family,10
36005014100,Store,10
36005014300,Center,1
36005014300,Store,3
36005014400,Center,2
36005014400,Family,2
36005014400,Store,1
36005014500,Center,8
36005014500,Family,10
36005014500,Store,5
36005014701,Center,1
36005014701,Family,7
36005014701,Store,2
36005014702,Center,3
36005014702,Family,5
36005014702,School,1
36005014702,Store,3
36005014900,Center,3
36005014900,Family,8
36005014900,School,2
36005014900,Store,5
36005015100,Family,17
36005015100,Store,11
36005015200,Family,4
36005015200,School,2
36005015200,Store,2
36005015300,Center,1
36005015300,Family,7
36005015300,School,2
36005015300,Store,2
36005015500,Center,2
36005015500,Family,3
36005015500,Store,8
36005015700,Family,6
36005015700,School,3
36005015700,Store,3
36005015800,Family,3
36005015800,School,2
36005015800,Store,3
36005015900,Family,5
36005015900,Store,5
36005015900,Workforce Development/Workforce1 Career Center,1
36005016000,Center,1
36005016000,Store,1
36005016100,Center,2
36005016100,Family,8
36005016100,Store,4
36005016200,Store,3
36005016300,Store,1
36005016400,Family,2
36005016400,Store,1
36005016500,Center,1
36005016500,Family,1
36005016500,School,1
36005016700,Center,4
36005016700,Family,4
36005016700,Store,3
36005016900,Family,7
36005016900,School,1
36005017300,Center,6
36005017300,Family,6
36005017300,Store,4
36005017500,Family,10
36005017500,School,1
36005017500,Store,6
36005017701,Family,6
36005017701,Store,8
36005017702,Center,1
36005017702,Family,12
36005017702,Store,12
36005017901,Family,19
36005017901,Store,6
36005017902,Family,14
36005017902,Store,3
36005018101,Family,10
36005018101,Store,2
36005018102,Center,1
36005018102,Family,11
36005018102,School,1
36005018102,Store,10
36005018301,Family,13
36005018302,Center,3
36005018302,Family,10
36005018302,School,1
36005018302,Store,7
36005018400,Center,3
36005018400,Family,1
36005018400,Store,2
36005018500,Center,6
36005018500,Family,22
36005018500,School,2
36005018500,Store,11
36005018900,Center,1
36005018900,Family,15
36005018900,School,1
36005018900,Store,7
36005019300,Center,1
36005019300,Family,12
36005019300,Store,5
36005019400,Family,2
36005019400,Store,2
36005019500,Center,4
36005019500,Family,37
36005019500,Store,7
36005019700,Center,2
36005019700,Family,22
36005019700,Store,4
36005019900,Center,1
36005019900,Family,23
36005019900,School,1
36005019900,Store,10
36005020000,Center,2
36005020000,Family,3
36005020000,Store,11
36005020100,Center,2
36005020100,Family,11
36005020200,Family,3
36005020200,Store,3
36005020400,Center,2
36005020400,Family,3
36005020400,Store,2
36005020501,Center,3
36005020501,Family,13
36005020501,Store,1
36005020502,Center,1
36005020502,Family,3
36005020502,School,1
36005020502,Store,2
36005020601,Family,1
36005020601,Store,1
36005020900,Center,1
36005020900,Family,10
36005020900,School,1
36005020900,Store,2
36005021001,Center,2
36005021001,Family,3
36005021001,Store,4
36005021002,Family,8
36005021002,Store,4
36005021100,Center,2
36005021100,Family,20
36005021100,School,1
36005021100,Store,3
36005021200,Store,1
36005021301,Family,6
36005021301,Store,5
36005021302,Family,16
36005021302,School,1
36005021302,Store,2
36005021501,Center,3
36005021501,Family,7
36005021501,Store,9
36005021502,Center,1
36005021502,Family,20
36005021502,School,1
36005021502,Store,12
36005021601,Family,11
36005021601,School,3
36005021601,Store,4
36005021602,Family,7
36005021602,Store,3
36005021700,Center,7
36005021700,Family,16
36005021700,Store,5
36005021800,Center,1
36005021800,Family,15
36005021800,Store,5
36005021900,Center,1
36005021900,Family,3
36005021900,Store,3
36005021900,Workforce Development/HRA Job Center,1
36005022000,Center,1
36005022000,Family,1
36005022000,Store,1
36005022101,Center,1
36005022101,Family,6
36005022101,Store,9
36005022102,Center,1
36005022102,Family,12
36005022102,Store,2
36005022200,Center,1
36005022200,Family,5
36005022200,School,2
36005022200,Store,8
36005022300,Family,17
36005022300,Store,7
36005022401,Family,7
36005022401,Store,10
36005022403,Family,7
36005022403,Store,5
36005022404,Center,1
36005022404,Family,4
36005022404,Store,4
36005022500,Center,3
36005022500,Family,30
36005022500,Store,2
36005022701,Center,1
36005022701,Family,17
36005022701,Store,4
36005022702,Center,1
36005022702,Family,6
36005022702,Store,5
36005022703,Family,9
36005022800,Center,3
36005022800,Family,5
36005022800,School,2
36005022800,Store,3
36005022901,Family,12
36005022902,Family,11
36005022902,Store,4
36005023000,Family,4
36005023000,Store,2
36005023100,Center,1
36005023100,Family,2
36005023100,Store,1
36005023200,Center,2
36005023200,Family,5
36005023200,Store,2
36005023301,Center,2
36005023301,Family,6
36005023301,School,1
36005023301,Store,4
36005023302,Family,13
36005023302,School,1
36005023302,Store,3
36005023501,Center,3
36005023501,Family,15
36005023501,Store,1
36005023502,Family,13
36005023502,Store,3
36005023600,Family,3
36005023600,Store,5
36005023702,Family,1
36005023702,Store,3
36005023703,Center,1
36005023703,Family,3
36005023703,Store,9
36005023704,Center,4
36005023704,Family,20
36005023704,School,1
36005023704,Store,4
36005023800,Family,1
36005023800,School,1
36005023800,Store,3
36005023900,Family,35
36005023900,School,1
36005023900,Store,17
36005024000,Family,5
36005024000,Store,1
36005024100,Center,3
36005024100,Family,19
36005024100,Store,13
36005024300,Family,14
36005024300,Store,12
36005024400,Center,4
36005024400,Store,2
36005024501,Center,1
36005024501,Family,23
36005024501,Store,7
36005024502,Family,8
36005024502,School,1
36005024502,Store,3
36005024600,Family,1
36005024700,Family,5
36005024800,Center,2
36005024800,Family,1
36005024800,Store,4
36005024900,Center,1
36005024900,School,1
36005025000,Center,2
36005025000,Store,3
36005025100,Center,1
36005025100,Family,21
36005025100,Store,11
36005025200,Store,4
36005025300,Family,22
36005025300,Store,9
36005025400,Center,1
36005025500,Center,6
36005025500,Family,17
36005025500,Store,2
36005025600,Center,1
36005025600,Family,1
36005025600,Store,2
36005025700,Family,4
36005026100,Family,1
36005026100,Store,2
36005026300,Family,15
36005026300,Store,5
36005026400,Family,1
36005026400,Store,7
36005026500,Center,2
36005026500,Family,18
36005026500,Store,5
36005026601,Center,1
36005026601,Store,1
36005026602,Center,4
36005026602,Family,4
36005026602,Store,8
36005026701,Family,9
36005026701,Store,4
36005026702,Center,1
36005026702,Family,22
36005026900,Family,5
36005026900,School,1
36005026900,Store,2
36005027300,Family,17
36005027300,School,1
36005027300,Store,3
36005027401,Family,2
36005027401,Store,3
36005027402,Center,2
36005027402,Store,1
36005027700,Center,2
36005027700,Family,6
36005027700,Store,4
36005027900,Center,1
36005027900,Family,10
36005027900,School,1
36005027900,Store,1
36005028100,Center,1
36005028100,Family,2
36005028100,School,1
36005028300,Family,6
36005028300,School,1
36005028300,Store,15
36005028400,Center,2
36005028400,Store,1
36005028500,Center,2
36005028500,Family,1
36005028500,Store,1
36005028600,Family,1
36005028700,Center,1
36005028700,Family,6
36005028800,Family,1
36005028800,School,1
36005028900,Center,4
36005028900,Family,9
36005028900,School,1
36005028900,Store,4
36005029302,Center,1
36005029302,Store,3
36005029500,Store,4
36005029600,Store,3
36005029700,Center,2
36005029700,Store,5
36005030000,Center,1
36005030000,Family,1
36005030000,Store,4
36005030100,Center,1
36005030200,Center,1
36005030200,Family,4
36005030200,School,1
36005030200,Store,3
36005030701,Center,1
36005030900,Center,1
36005031000,Family,2
36005031200,Family,1
36005031200,Store,2
36005031600,Family,2
36005031800,Family,2
36005032300,Center,1
36005032300,Store,1
36005032400,Center,1
36005032400,Family,3
36005032400,School,1
36005032400,Store,1
36005032600,Family,1
36005032600,Store,2
36005032800,Center,4
36005032800,Family,4
36005032800,Store,2
36005033000,Family,1
36005033000,Store,6
36005033201,Center,3
36005033201,Family,5
36005033201,Store,4
36005033202,Family,2
36005033202,Store,2
36005033500,Store,1
36005033600,Center,1
36005033600,Family,6
36005033600,Store,13
36005033700,Center,2
36005033700,Family,1
36005033700,Store,1
36005033800,Family,5
36005033800,Store,3
36005034000,Family,4
36005034000,Store,2
36005034200,Center,1
36005034200,Family,3
36005034200,Store,1
36005034400,Center,2
36005034400,Family,4
36005034500,Center,4
36005034500,Store,1
36005034800,Center,1
36005034800,Family,8
36005034800,School,1
36005034800,Store,1
36005035000,Center,1
36005035000,Family,4
36005035000,Store,1
36005035600,Family,2
36005035800,Center,3
36005035800,Family,11
36005035800,Store,8
36005035900,Center,1
36005035900,Family,7
36005035900,School,1
36005036000,Center,1
36005036000,Family,2
36005036100,Family,2
36005036100,Store,2
36005036300,Center,1
36005036300,Family,23
36005036300,School,1
36005036300,Store,10
36005036300,Workforce Development/Workforce1 Career Center,1
36005036400,Center,1
36005036400,Family,5
36005036400,Store,2
36005036501,Family,7
36005036501,Store,4
36005036502,Family,6
36005036502,Store,4
36005036700,Center,1
36005036700,Family,15
36005036700,Store,1
36005036800,Center,1
36005036800,Family,5
36005036800,Store,1
36005036901,Center,1
36005036901,Family,4
36005036901,School,1
36005036901,Store,1
36005036902,Center,1
36005036902,Family,13
36005036902,School,1
36005037000,Center,1
36005037000,Family,1
36005037100,Center,1
36005037100,Family,12
36005037100,School,2
36005037100,Store,6
36005037200,Center,4
36005037200,Family,3
36005037200,Store,3
36005037300,Center,1
36005037300,Family,9
36005037300,School,1
36005037300,Store,1
36005037400,Center,3
36005037400,Family,1
36005037400,Store,6
36005037504,Center,3
36005037504,Family,13
36005037504,School,1
36005037504,Store,2
36005037504,Workforce Development/HRA Job Center,1
36005037600,Center,1
36005037600,Family,5
36005037800,Family,6
36005037800,Store,3
36005037900,Family,8
36005037900,School,1
36005037900,Store,4
36005038000,Center,1
36005038000,Family,4
36005038000,Store,7
36005038100,Center,3
36005038100,Family,20
36005038100,Store,2
36005038200,Center,1
36005038200,Family,4
36005038301,Center,1
36005038301,Family,18
36005038301,School,2
36005038301,Store,2
36005038302,Center,3
36005038302,Family,15
36005038302,School,2
36005038302,Store,6
36005038302,Workforce Development/Workforce1 Career Center,1
36005038500,Family,5
36005038500,Store,4
36005038600,Center,7
36005038600,Family,8
36005038600,School,1
36005038600,Store,2
36005038700,Center,3
36005038700,Family,3
36005038700,Store,3
36005038800,Family,1
36005038900,Family,3
36005038900,Store,6
36005039000,Center,1
36005039000,Family,7
36005039100,Center,3
36005039100,Family,14
36005039100,School,2
36005039100,Store,12
36005039200,Center,2
36005039200,Family,3
36005039200,Store,7
36005039300,Family,16
36005039300,School,1
36005039300,Store,4
36005039400,Family,9
36005039400,Store,7
36005039500,Center,10
36005039500,Family,8
36005039500,School,3
36005039500,Store,3
36005039600,Center,2
36005039600,Family,4
36005039600,Store,1
36005039700,Family,1
36005039700,Store,3
36005039800,Family,2
36005039901,Family,13
36005039901,Store,3
36005039901,Workforce Development/HRA Job Center,1
36005039902,Center,2
36005039902,Family,14
36005039902,School,1
36005040100,Center,4
36005040100,Family,9
36005040100,Store,4
36005040302,Family,12
36005040302,Store,1
36005040303,Family,15
36005040303,Store,2
36005040304,Family,7
36005040304,Store,8
36005040400,Center,3
36005040400,Family,3
36005040400,Store,1
36005040501,Family,13
36005040501,Store,5
36005040502,Family,20
36005040502,School,1
36005040502,Store,2
36005040600,Center,1
36005040600,Family,5
36005040701,Family,5
36005040701,Store,3
36005040702,Center,2
36005040702,Family,26
36005040702,Store,4
36005040800,Center,1
36005040800,Family,10
36005040800,Store,2
36005040900,Center,2
36005040900,Family,3
36005040900,School,2
36005040900,Store,1
36005041100,Family,7
36005041100,Store,2
36005041300,Family,21
36005041300,Store,2
36005041400,Center,1
36005041400,Family,7
36005041400,School,2
36005041400,Store,5
36005041500,Center,1
36005041500,Family,13
36005041500,Store,4
36005041800,Family,1
36005041800,Store,6
36005041900,Center,2
36005041900,Family,11
36005041900,Store,14
36005042000,Center,1
36005042000,Family,2
36005042000,Store,6
36005042100,Center,1
36005042100,Family,7
36005042100,Store,8
36005042200,Center,1
36005042200,Family,3
36005042300,Center,2
36005042300,Family,10
36005042300,Store,3
36005042400,Center,1
36005042400,Family,3
36005042500,Center,1
36005042500,Family,14
36005042500,School,3
36005042500,Store,14
36005042600,Center,5
36005042600,Family,6
36005042600,School,1
36005042600,Store,4
36005042800,Center,1
36005042800,Family,3
36005042800,Store,1
36005042901,Family,3
36005042902,Center,2
36005042902,Family,6
36005042902,Store,2
36005043000,Family,2
36005043100,Center,1
36005043100,Family,28
36005043100,Store,9
36005043400,Center,3
36005043400,Family,3
36005043500,School,1
36005043500,Store,1
36005043600,Family,1
36005044200,Family,1
36005044200,Store,4
36005044400,Center,1
36005044400,Family,5
36005044800,Family,3
36005045101,Store,3
36005045102,Center,1
36005045102,Store,2
36005045600,Family,3
36005045600,Store,1
36005045800,Center,1
36005045800,Family,5
36005045800,School,1
36005045800,Store,1
36005046000,Family,2
36005046000,School,1
36005046000,Store,2
36005046201,Center,3
36005046201,Family,9
36005046201,School,2
36005046201,Store,12
36005046202,Family,5
36005046202,School,1
36005046202,Store,5
36005048400,Center,1
36005048400,Family,9
36005048400,School,2
36005048400,Store,2
36005051600,Center,1
36005051600,Store,2
36047000100,Store,2
36047000200,Store,4
36047000501,Center,1
36047000501,Store,1
36047000502,Center,2
36047000502,Store,1
36047000700,Store,1
36047000900,Center,1
36047000900,Store,12
36047001100,Store,3
36047001300,Center,2
36047001300,Store,1
36047001300,Workforce Development/HRA Job Center,1
36047001500,Store,4
36047001800,Center,1
36047001800,School,1
36047001800,Store,9
36047001800,Workforce Development/Workforce1 Career Center,1
36047002000,Family,1
36047002000,Store,7
36047002100,Center,2
36047002100,Family,1
36047002100,School,2
36047002100,Store,8
36047002200,Center,1
36047002200,Family,2
36047002200,Store,4
36047002300,Center,1
36047002300,Family,3
36047002300,School,1
36047002901,Family,1
36047002901,School,1
36047003000,Store,1
36047003100,Center,1
36047003100,Family,2
36047003100,Store,3
36047003300,Center,1
36047003300,Store,2
36047003400,Store,1
36047003500,Center,2
36047003500,Store,3
36047003600,Center,2
36047003600,Family,1
36047003700,Center,1
36047003700,Store,3
36047003700,Workforce Development/Workforce1 Career Center,1
36047003900,School,1
36047003900,Store,4
36047003900,Workforce Development/HRA Job Center,1
36047004100,Center,1
36047004100,Store,2
36047004100,Workforce Development/Workforce1 Career Center,1
36047004300,Center,1
36047004300,School,1
36047004300,Store,4
36047004500,School,1
36047004500,Store,1
36047004600,Store,1
36047005000,Center,1
36047005100,Store,4
36047005300,Center,3
36047005300,School,1
36047005300,Store,18
36047005400,Family,1
36047005400,Store,3
36047005601,Store,2
36047005800,Center,1
36047005800,Store,4
36047005900,School,1
36047005900,Store,9
36047006000,Center,2
36047006000,Store,3
36047006200,Center,2
36047006200,Store,5
36047006300,School,1
36047006400,Store,5
36047006500,Store,7
36047006600,Center,1
36047006600,Store,7
36047006700,Store,6
36047006800,Center,3
36047006800,Store,17
36047006900,Center,1
36047006900,Store,5
36047007000,Store,2
36047007100,Family,2
36047007100,Store,4
36047007200,Family,2
36047007200,Store,3
36047007400,Center,2
36047007400,Family,7
36047007400,Store,10
36047007500,School,1
36047007500,Store,10
36047007600,Family,1
36047007600,Store,7
36047007700,Family,1
36047007700,School,1
36047007700,Store,7
36047007800,Center,1
36047007800,Family,6
36047007800,Store,7
36047008000,Center,2
36047008000,School,1
36047008000,Store,6
36047008200,Family,6
36047008200,School,1
36047008200,Store,8
36047008400,Family,3
36047008400,School,1
36047008400,Store,10
36047008500,Family,5
36047008500,Store,3
36047008600,Store,1
36047008800,Store,3
36047009000,Store,1
36047009200,Center,5
36047009200,Family,1
36047009200,Store,5
36047009400,Center,3
36047009400,Family,1
36047009400,Store,10
36047009600,Family,3
36047009600,Store,9
36047009800,Center,3
36047009800,Family,1
36047009800,Store,15
36047010000,Family,1
36047010000,Store,10
36047010100,Family,1
36047010100,School,3
36047010100,Store,6
36047010200,Center,1
36047010200,School,1
36047010200,Store,11
36047010400,Center,6
36047010400,Family,1
36047010400,Store,14
36047010600,Center,3
36047010600,Store,7
36047010800,Center,2
36047010800,Store,5
36047011000,Center,1
36047011000,Store,4
36047011200,Center,7
36047011200,Family,1
36047011200,Store,5
36047011400,Center,4
36047011400,Family,1
36047011400,Store,3
36047011600,Center,2
36047011600,Store,1
36047011700,Store,2
36047011800,Center,2
36047011800,Store,3
36047011900,Center,2
36047011900,School,2
36047011900,Store,3
36047012000,Store,5
36047012100,Store,2
36047012200,Store,9
36047012600,Store,2
36047012700,Center,1
36047012801,Center,1
36047012801,Store,4
36047012901,School,1
36047012901,Store,4
36047012901,Workforce Development/HRA Job Center,1
36047012902,Store,1
36047013000,Store,11
36047013100,Center,4
36047013100,School,1
36047013100,Store,2
36047013200,Store,5
36047013300,Center,1
36047013300,Store,4
36047013400,Family,1
36047013400,Store,5
36047013500,Center,3
36047013500,Store,2
36047013600,Store,13
36047013700,Family,2
36047013700,School,1
36047013700,Store,6
36047013800,Center,3
36047013800,Store,9
36047013900,Store,6
36047014000,Center,1
36047014000,Store,3
36047014100,Center,2
36047014100,School,1
36047014100,Store,2
36047014200,Center,2
36047014200,Family,4
36047014200,School,1
36047014300,Center,1
36047014300,School,1
36047014300,Store,6
36047014500,Center,1
36047014500,Store,3
36047014700,School,1
36047014800,Store,4
36047014900,Center,3
36047014900,Family,1
36047014900,Store,3
36047015000,School,1
36047015100,Store,5
36047015300,Store,3
36047015500,Store,2
36047015700,Center,1
36047015700,Store,5
36047015900,Center,1
36047015900,Store,3
36047016000,Center,1
36047016000,Store,9
36047016100,Family,2
36047016100,Store,8
36047016200,Center,1
36047016200,Family,1
36047016300,Store,4
36047016400,Center,2
36047016500,Center,1
36047016700,Store,2
36047016900,Center,1
36047016900,Store,9
36047017000,School,1
36047017000,Store,4
36047017100,Store,3
36047017200,Center,2
36047017200,School,1
36047017200,Store,5
36047017400,Store,1
36047017500,Store,2
36047017600,Center,1
36047017600,Store,2
36047017800,Family,1
36047017800,Store,8
36047018000,Family,2
36047018000,Store,2
36047018100,Family,1
36047018100,Store,3
36047018200,Center,4
36047018200,Store,4
36047018300,Family,1
36047018300,School,1
36047018300,Store,4
36047018400,Center,1
36047018400,Family,2
36047018400,School,1
36047018501,Family,4
36047018501,Store,5
36047018600,Store,3
36047018700,Center,1
36047018700,Family,1
36047018700,School,1
36047018700,Store,3
36047018800,Store,5
36047019000,Center,2
36047019000,Family,1
36047019000,School,1
36047019000,Store,6
36047019100,Store,4
36047019200,Center,2
36047019200,Store,6
36047019300,School,2
36047019300,Store,4
36047019400,School,1
36047019400,Store,4
36047019500,Family,2
36047019500,Store,4
36047019600,Center,3
36047019600,Family,1
36047019600,Store,4
36047019700,Store,1
36047019800,Center,1
36047019800,Store,1
36047019900,Center,1
36047019900,Family,2
36047019900,School,1
36047019900,Store,3
36047019900,Workforce Development/HRA Job Center,1
36047020000,Center,2
36047020000,Store,11
36047020100,Center,1
36047020100,Store,7
36047020300,Family,1
36047020300,Store,3
36047020500,Center,3
36047020500,School,1
36047020500,Store,4
36047020600,School,1
36047020700,Family,1
36047020700,Store,1
36047020800,Store,1
36047021000,Center,1
36047021000,Store,1
36047021100,Family,2
36047021100,Store,2
36047021200,Center,1
36047021200,Store,6
36047021300,Center,1
36047021300,Family,2
36047021300,School,1
36047021300,Store,1
36047021400,Center,1
36047021400,Store,1
36047021500,Center,1
36047021500,School,1
36047021500,Store,4
36047021600,Center,2
36047021600,Store,1
36047021700,Family,1
36047021700,Store,2
36047021800,Center,3
36047021800,Family,3
36047021800,Store,6
36047021900,Center,1
36047021900,Store,4
36047022000,Family,4
36047022000,Store,12
36047022100,Center,2
36047022100,Family,2
36047022100,Store,5
36047022200,Center,2
36047022200,Family,4
36047022200,Store,8
36047022400,Center,6
36047022400,Family,4
36047022400,School,1
36047022400,Store,7
36047022600,Center,2
36047022600,Store,8
36047022700,Center,1
36047022700,Family,1
36047022700,School,1
36047022700,Store,11
36047022800,Center,5
36047022800,Family,4
36047022800,Store,6
36047022900,Center,1
36047022900,Family,1
36047022900,Store,2
36047023000,Center,1
36047023000,Family,3
36047023000,Store,9
36047023100,School,1
36047023100,Store,2
36047023200,Center,20
36047023200,Family,5
36047023200,School,1
36047023200,Store,10
36047023300,Center,1
36047023300,Family,1
36047023300,Store,7
36047023400,Center,4
36047023400,Family,2
36047023400,Store,1
36047023500,Center,1
36047023500,Family,2
36047023500,Store,5
36047023600,Center,11
36047023600,Family,3
36047023600,Store,5
36047023800,Center,4
36047023800,Family,6
36047023800,Store,5
36047024000,Center,4
36047024000,Family,3
36047024000,Store,5
36047024100,Center,4
36047024100,School,1
36047024100,Store,3
36047024200,Center,2
36047024200,Store,2
36047024300,Center,1
36047024300,Family,2
36047024300,Store,8
36047024400,Center,5
36047024400,School,1
36047024400,Store,6
36047024500,Center,2
36047024500,Family,1
36047024500,Store,4
36047024600,Center,2
36047024600,Store,1
36047024700,Center,2
36047024700,School,1
36047024700,Store,14
36047024800,Center,3
36047024800,Store,10
36047024900,Family,1
36047024900,Store,10
36047025000,Center,2
36047025000,School,1
36047025000,Store,3
36047025100,Center,2
36047025100,Store,3
36047025200,Store,7
36047025300,Center,4
36047025300,School,1
36047025300,Store,4
36047025400,Center,4
36047025400,Store,7
36047025500,Center,1
36047025500,Family,7
36047025500,Store,3
36047025600,Center,5
36047025600,Family,1
36047025600,School,1
36047025700,Family,2
36047025700,School,1
36047025700,Store,33
36047025700,Workforce Development/Job Plus Site,1
36047025800,Center,1
36047025800,Family,1
36047025800,School,1
36047025800,Store,5
36047025901,Center,1
36047025901,School,1
36047025901,Store,2
36047025902,Center,1
36047026000,Store,13
36047026100,Family,3
36047026100,Store,3
36047026200,Center,1
36047026200,Store,2
36047026300,Store,2
36047026400,Store,8
36047026500,Center,4
36047026500,Family,1
36047026500,School,1
36047026500,Store,8
36047026600,Store,1
36047026700,Family,2
36047026700,Store,5
36047026800,Store,2
36047026900,Center,3
36047026900,Family,1
36047026900,Store,12
36047027000,Center,2
36047027000,Family,2
36047027100,Family,1
36047027100,Store,4
36047027200,Center,1
36047027200,Family,1
36047027200,Store,2
36047027300,Family,2
36047027300,School,1
36047027300,Store,5
36047027400,Store,2
36047027500,Family,3
36047027500,Store,5
36047027600,Store,10
36047027700,Center,1
36047027700,Family,1
36047027700,School,1
36047027700,Store,8
36047027800,Center,3
36047027800,Store,2
36047027900,Center,3
36047027900,Family,3
36047027900,Store,2
36047028000,Center,1
36047028000,Store,2
36047028100,Center,1
36047028100,Family,5
36047028100,School,2
36047028100,Store,10
36047028200,Center,1
36047028200,Family,3
36047028200,School,1
36047028300,Family,3
36047028300,Store,4
36047028400,Center,1
36047028400,Store,5
36047028501,Store,3
36047028502,Center,1
36047028502,Family,1
36047028502,School,1
36047028502,Store,2
36047028600,Store,7
36047028700,Center,1
36047028700,Store,9
36047028800,Family,1
36047028800,Store,3
36047028900,Family,3
36047028900,School,1
36047028900,Store,8
36047029000,Family,1
36047029000,Store,1
36047029100,Center,1
36047029100,Family,3
36047029100,School,1
36047029100,Store,4
36047029200,Center,1
36047029200,Store,3
36047029300,Center,2
36047029300,Family,3
36047029300,School,1
36047029300,Store,3
36047029400,Store,1
36047029500,Center,1
36047029500,Family,1
36047029500,Store,4
36047029600,Family,2
36047029600,Store,13
36047029700,Center,1
36047029700,Family,5
36047029700,School,1
36047029700,Store,3
36047029800,Center,3
36047029800,Store,6
36047029900,Center,2
36047029900,Store,3
36047030000,Family,2
36047030000,Store,8
36047030100,Family,3
36047030100,School,1
36047030100,Store,3
36047030200,Store,1
36047030300,Center,1
36047030300,Family,6
36047030300,School,1
36047030300,Store,1
36047030400,Store,4
36047030500,Center,1
36047030500,School,1
36047030500,Store,8
36047030600,Store,2
36047030700,Family,3
36047030700,School,1
36047030700,Store,3
36047030800,Store,2
36047030900,Center,1
36047030900,Family,2
36047030900,School,1
36047030900,Store,1
36047031100,Family,3
36047031100,Store,8
36047031300,Family,3
36047031400,Center,1
36047031400,School,1
36047031400,Store,2
36047031500,Family,2
36047031500,Store,8
36047031701,Center,4
36047031701,Family,1
36047031701,School,1
36047031701,Store,5
36047031702,Center,2
36047031702,Store,7
36047031900,Center,2
36047031900,School,1
36047031900,Store,2
36047032100,Center,4
36047032100,Family,1
36047032100,Store,6
36047032300,Center,2
36047032300,Family,4
36047032300,Store,5
36047032500,Center,1
36047032500,Family,6
36047032500,School,1
36047032500,Store,3
36047032600,Center,1
36047032600,Family,3
36047032600,Store,7
36047032600,Workforce Development/Workforce1 Career Center,1
36047032700,Center,1
36047032700,Family,2
36047032700,Store,7
36047032800,Center,1
36047032800,Family,2
36047032800,School,1
36047032800,Store,2
36047032900,Center,1
36047032900,Family,2
36047032900,Store,3
36047033000,Center,2
36047033000,Family,2
36047033000,Store,3
36047033100,Family,1
36047033100,Store,5
36047033300,Center,2
36047033300,Family,1
36047033300,Store,2
36047033500,Center,4
36047033500,Family,3
36047033500,Store,4
36047033600,Family,1
36047033700,Center,5
36047033700,Family,2
36047033700,Store,3
36047033900,Center,2
36047033900,Family,4
36047033900,Store,5
36047034000,Center,2
36047034000,Family,1
36047034100,Center,1
36047034100,Family,1
36047034100,School,1
36047034200,Center,2
36047034200,Family,2
36047034200,School,2
36047034200,Store,12
36047034300,Center,2
36047034300,Family,3
36047034300,Store,2
36047034500,Center,1
36047034500,Family,3
36047034500,Store,1
36047034700,Center,1
36047034700,Family,3
36047034700,School,1
36047034700,Store,5
36047034800,Store,5
36047034900,Center,5
36047034900,Family,5
36047034900,Store,1
36047035000,Center,1
36047035000,School,1
36047035000,Store,1
36047035100,Center,5
36047035100,Store,20
36047035200,Store,1
36047035200,Workforce Development/HRA Job Center,1
36047035300,Center,1
36047035300,Family,1
36047035300,School,1
36047035300,Store,5
36047035400,Store,6
36047035500,Center,3
36047035500,Family,1
36047035500,School,1
36047035500,Store,3
36047035602,Center,2
36047035602,School,1
36047035602,Store,1
36047035700,Store,2
36047035900,Center,2
36047035900,Family,4
36047035900,School,1
36047035900,Store,2
36047036001,Store,7
36047036002,Center,4
36047036002,Family,1
36047036002,Store,3
36047036100,Center,2
36047036100,Family,1
36047036100,Store,3
36047036200,Center,2
36047036200,Family,2
36047036200,Store,19
36047036300,Center,1
36047036300,Family,2
36047036300,School,1
36047036300,Store,2
36047036400,Center,7
36047036400,School,1
36047036400,Store,5
36047036501,Family,1
36047036501,Store,1
36047036502,Store,2
36047036600,Center,5
36047036600,Family,1
36047036600,Store,6
36047036700,Center,1
36047036700,Family,1
36047036700,Store,2
36047036900,Center,1
36047036900,Family,2
36047036900,School,2
36047036900,Store,6
36047037000,Center,2
36047037000,Family,1
36047037000,School,1
36047037000,Store,3
36047037100,Center,2
36047037100,Family,4
36047037300,Center,1
36047037300,Family,1
36047037300,School,1
36047037300,Store,6
36047037401,Center,1
36047037401,School,1
36047037401,Store,8
36047037402,School,1
36047037402,Store,2
36047037500,Center,2
36047037500,Family,5
36047037500,Store,5
36047037700,Family,7
36047037700,School,1
36047037700,Store,2
36047037900,Center,1
36047037900,Family,5
36047037900,School,1
36047037900,Store,2
36047038100,Center,2
36047038100,Family,2
36047038100,School,1
36047038100,Store,5
36047038200,Center,1
36047038200,Store,2
36047038300,Family,4
36047038300,Store,4
36047038500,School,1
36047038500,Store,5
36047038600,Center,2
36047038600,Store,10
36047038700,Family,2
36047038700,Store,6
36047038800,School,1
36047038800,Store,1
36047038900,Center,1
36047038900,School,1
36047038900,Store,3
36047039000,Family,1
36047039000,Store,2
36047039100,Store,2
36047039200,Family,1
36047039200,Store,2
36047039300,Center,4
36047039300,Family,4
36047039300,School,1
36047039300,Store,3
36047039400,Store,1
36047039500,Family,2
36047039500,Store,1
36047039600,Store,3
36047039700,Center,3
36047039700,Family,5
36047039700,Store,6
36047039800,Center,1
36047039800,School,1
36047039800,Store,2
36047039900,Center,2
36047039900,Family,2
36047039900,School,1
36047039900,Store,2
36047040000,Store,8
36047040100,Family,1
36047040100,School,1
36047040100,Store,2
36047040200,Center,3
36047040200,Store,3
36047040300,Center,3
36047040300,Family,2
36047040400,Store,1
36047040500,Family,1
36047040600,Center,1
36047040600,Store,2
36047040800,Family,2
36047040800,Store,6
36047040900,Center,2
36047040900,Family,1
36047040900,School,1
36047040900,Store,4
36047041000,Store,4
36047041100,Family,9
36047041100,Store,1
36047041200,Center,2
36047041200,Store,5
36047041300,Family,6
36047041300,Store,2
36047041401,School,1
36047041401,Store,5
36047041402,Store,2
36047041500,Family,6
36047041500,School,1
36047041600,Store,1
36047041700,Family,3
36047041700,Store,2
36047041800,Center,1
36047041800,Family,2
36047041800,Store,6
36047041900,Center,1
36047041900,Family,5
36047041900,School,1
36047041900,Store,4
36047042000,Center,1
36047042000,Family,3
36047042000,School,1
36047042000,Store,1
36047042100,Center,1
36047042100,Family,3
36047042100,Store,5
36047042200,Store,5
36047042300,Center,3
36047042300,Family,4
36047042300,Store,5
36047042400,School,1
36047042400,Store,4
36047042500,Family,1
36047042500,School,1
36047042500,Store,2
36047042600,Family,1
36047042600,Store,11
36047042700,Center,1
36047042700,Family,2
36047042700,Store,9
36047042800,Center,5
36047042800,Family,2
36047042800,Store,5
36047042900,Family,1
36047042900,Store,12
36047043000,Family,1
36047043000,Store,9
36047043100,Center,1
36047043100,Store,9
36047043200,Center,2
36047043200,Family,1
36047043200,Store,7
36047043300,Center,1
36047043300,Family,5
36047043300,Store,4
36047043400,Center,2
36047043400,Store,1
36047043500,Center,5
36047043500,Family,8
36047043500,School,1
36047043500,Store,4
36047043600,Store,4
36047043700,Center,1
36047043700,Family,2
36047043700,School,1
36047043700,Store,7
36047043800,Center,2
36047043800,Family,1
36047043800,Store,2
36047043900,Family,2
36047043900,Store,6
36047044000,Family,1
36047044100,Center,4
36047044100,Family,2
36047044100,Store,6
36047044200,Store,1
36047044300,Center,1
36047044300,Family,3
36047044300,Store,6
36047044400,Store,1
36047044500,School,1
36047044500,Store,5
36047044600,Family,1
36047044600,School,2
36047044600,Store,2
36047044700,Store,1
36047044800,Center,1
36047044900,Center,1
36047044900,Family,1
36047044900,Store,9
36047045300,Center,1
36047045300,Store,6
36047045400,Center,2
36047045400,School,1
36047045400,Store,3
36047045600,Store,2
36047045800,Center,1
36047046000,Store,1
36047046201,Center,3
36047046201,Store,1
36047046202,Family,1
36047046202,Store,1
36047046400,Center,3
36047046400,Family,1
36047046400,Store,2
36047046800,Family,1
36047046800,Store,2
36047047000,Center,4
36047047000,School,1
36047047000,Store,3
36047047200,Center,2
36047047200,Family,1
36047047200,Store,1
36047047400,Center,3
36047047400,Family,1
36047047400,Store,12
36047047600,Center,2
36047047600,Family,4
36047047600,School,2
36047047600,Store,6
36047047700,Store,1
36047047800,Center,4
36047047800,Family,2
36047047800,Store,3
36047048000,Family,1
36047048000,Store,8
36047048100,Center,1
36047048100,Store,2
36047048200,Family,2
36047048200,Store,3
36047048400,Center,6
36047048400,Family,1
36047048400,Store,3
36047048500,School,2
36047048500,Store,9
36047048600,Center,2
36047048600,Family,1
36047048600,Store,7
36047048800,Family,1
36047048800,School,1
36047048800,Store,4
36047048900,Family,1
36047048900,Store,3
36047049000,Family,1
36047049000,Store,5
36047049100,Family,3
36047049100,School,1
36047049100,Store,12
36047049200,Center,2
36047049200,Family,2
36047049200,School,1
36047049200,Store,2
36047049300,Center,2
36047049300,Family,3
36047049300,Store,12
36047049400,Center,1
36047049400,Store,3
36047049500,Center,1
36047049500,Store,6
36047049600,Store,15
36047049700,School,1
36047049700,Store,10
36047049800,School,1
36047049900,Center,1
36047049900,Store,1
36047050000,School,1
36047050000,Store,2
36047050100,Store,4
36047050202,Center,3
36047050202,Store,1
36047050300,School,1
36047050300,Store,6
36047050400,Store,3
36047050500,Center,1
36047050500,School,1
36047050500,Store,9
36047050600,Center,3
36047050600,Family,2
36047050600,School,1
36047050600,Store,13
36047050700,Center,3
36047050700,Family,1
36047050700,Store,3
36047050700,Workforce Development/HRA Job Center,1
36047050801,Family,1
36047050801,Store,4
36047050803,Family,3
36047050803,Store,8
36047050804,Center,2
36047050804,Family,2
36047050900,Family,1
36047050900,Store,2
36047051001,Center,1
36047051001,Family,4
36047051001,Store,2
36047051002,Family,2
36047051002,Store,3
36047051100,Center,3
36047051100,Family,2
36047051100,Store,3
36047051200,Family,10
36047051200,School,1
36047051300,Center,1
36047051300,Family,3
36047051300,Store,6
36047051400,Center,1
36047051400,Family,3
36047051400,Store,5
36047051601,Family,5
36047051602,Family,3
36047051602,Store,4
36047051700,Store,6
36047051800,Family,1
36047051800,Store,4
36047051900,Center,1
36047051900,School,1
36047051900,Store,4
36047052000,Center,2
36047052000,Store,12
36047052300,Center,2
36047052300,Family,2
36047052300,Store,5
36047052500,Center,1
36047052500,Family,3
36047052500,Store,8
36047052600,Center,3
36047052600,School,1
36047052600,Store,5
36047052700,Center,2
36047052700,Family,5
36047052700,School,2
36047052700,Store,6
36047052800,Center,1
36047052800,School,1
36047052800,Store,6
36047052900,Center,8
36047052900,Store,3
36047053000,Center,2
36047053000,Store,2
36047053100,Center,2
36047053100,Family,2
36047053100,School,1
36047053100,Store,7
36047053200,Family,1
36047053200,Store,3
36047053300,Center,4
36047053300,Family,1
36047053300,Store,7
36047053400,Center,1
36047053400,Store,4
36047053500,Center,7
36047053500,Family,1
36047053500,School,1
36047053500,Store,9
36047053700,Center,7
36047053700,Store,3
36047053800,Center,1
36047053800,Store,1
36047053900,Center,4
36047054200,Center,1
36047054200,Family,2
36047054200,Store,6
36047054300,Store,2
36047054400,Family,2
36047054400,Store,2
36047054500,Center,2
36047054500,Store,1
36047054600,Center,4
36047054600,Family,2
36047054600,School,1
36047054600,Store,1
36047054700,Center,1
36047054700,Store,4
36047054800,Store,1
36047054900,Family,2
36047054900,Store,3
36047055000,Center,2
36047055000,Store,7
36047055100,Center,1
36047055100,Family,3
36047055100,School,1
36047055100,Store,4
36047055200,Center,5
36047055200,Family,3
36047055200,Store,8
36047055300,Center,1
36047055300,Store,6
36047055400,Center,2
36047055400,Store,9
36047055500,Store,4
36047055600,Center,4
36047055600,School,1
36047055600,Store,3
36047055800,School,1
36047055800,Store,2
36047056000,Family,1
36047056100,Center,1
36047056100,School,1
36047056100,Store,8
36047056200,Family,1
36047056300,Store,10
36047056400,Store,3
36047056500,Store,11
36047056600,Center,1
36047056600,Store,1
36047056800,Center,2
36047056800,Store,1
36047056900,Store,8
36047057000,Center,5
36047057000,Family,1
36047057000,School,1
36047057000,Store,4
36047057100,Center,1
36047057100,Store,9
36047057200,Center,1
36047057200,Family,1
36047057200,Store,4
36047057300,School,1
36047057300,Store,3
36047057400,Family,1
36047057400,Store,2
36047057500,Store,10
36047057600,Center,1
36047057600,Store,2
36047057800,Center,2
36047057800,Store,6
36047057900,Store,7
36047058000,Store,5
36047058400,Center,1
36047058400,Family,1
36047058400,School,1
36047058400,Store,3
36047058600,Store,5
36047058800,Center,2
36047058800,Store,2
36047058900,Store,3
36047059000,Family,2
36047059000,Store,1
36047059100,School,1
36047059100,Store,2
36047059200,Center,1
36047059200,School,1
36047059200,Store,9
36047059300,Store,4
36047059401,Center,4
36047059401,Family,1
36047059401,School,1
36047059401,Store,4
36047059402,Center,1
36047059402,Family,2
36047059402,Store,12
36047059600,Center,2
36047059600,Family,1
36047059600,Store,3
36047059800,Center,1
36047059800,Store,1
36047060000,Center,2
36047060000,Family,1
36047060000,School,1
36047060000,Store,10
36047060600,Store,4
36047060800,Center,3
36047060800,Family,4
36047060800,Store,5
36047061003,Store,1
36047061004,Center,6
36047061004,School,1
36047061004,Store,18
36047061600,Center,1
36047061600,Family,1
36047062000,Center,2
36047062000,School,1
36047062200,Family,1
36047062200,Store,3
36047062600,Family,2
36047062800,Store,5
36047063600,Center,3
36047064000,Family,1
36047064000,Store,2
36047064200,Center,3
36047064200,Family,1
36047064200,Store,2
36047064400,Family,1
36047064400,Store,2
36047064600,Center,1
36047064600,School,1
36047064800,Center,2
36047065000,Center,1
36047065000,Store,3
36047065200,Center,1
36047065200,School,1
36047065200,Store,1
36047065600,Store,2
36047065800,Center,2
36047065800,Store,2
36047066200,Store,2
36047066600,School,1
36047067200,Center,1
36047067200,Family,3
36047067200,Store,5
36047067400,Center,1
36047067400,Store,3
36047067600,Family,2
36047067600,Store,2
36047067800,Family,2
36047067800,Store,1
36047068000,Family,6
36047068000,School,1
36047068000,Store,6
36047068200,Center,1
36047068200,Family,2
36047068200,Store,1
36047068600,Store,2
36047068800,Family,3
36047068800,Store,1
36047069000,Family,2
36047069000,Store,5
36047069200,Family,3
36047069200,Store,1
36047069601,Store,4
36047069602,Family,1
36047069602,School,1
36047069602,Store,3
36047069800,Center,3
36047069800,Family,1
36047069800,School,1
36047069800,Store,3
36047070201,Family,1
36047070201,Store,1
36047072000,Family,2
36047072000,Store,2
36047072200,Center,1
36047072200,Family,2
36047072200,School,1
36047072200,Store,7
36047072400,Family,5
36047072400,Store,2
36047072600,Family,3
36047072600,Store,2
36047072800,Family,4
36047072800,School,1
36047072800,Store,4
36047073000,Family,5
36047073000,Store,1
36047073200,Store,1
36047073400,Center,1
36047073400,Family,1
36047073400,School,1
36047073600,Family,2
36047073600,Store,4
36047073800,Store,4
36047074000,Family,1
36047074000,Store,3
36047074200,Family,2
36047074200,Store,4
36047074600,Center,3
36047074600,Store,5
36047074800,Center,1
36047074800,Store,3
36047075000,Store,4
36047075400,School,1
36047075600,School,1
36047075800,Center,1
36047075800,Store,1
36047076000,Center,3
36047076200,Store,1
36047076400,Family,4
36047076400,Store,1
36047076600,Family,2
36047076800,Center,6
36047076800,Family,2
36047076800,School,1
36047076800,Store,8
36047077000,Center,2
36047077000,Family,2
36047077000,Store,3
36047077200,Center,1
36047077200,School,2
36047077400,Center,4
36047077400,Family,2
36047077400,Store,4
36047077600,Center,4
36047077600,Family,3
36047077600,Store,3
36047078000,Family,1
36047078000,Store,1
36047078200,Family,2
36047078400,Family,6
36047078400,School,1
36047078600,Center,3
36047078600,Family,3
36047078600,Store,8
36047078800,Center,6
36047078800,Family,6
36047078800,Store,2
36047079000,Center,2
36047079000,Family,5
36047079000,Store,4
36047079200,Center,2
36047079200,Family,6
36047079400,Center,4
36047079400,Store,3
36047079601,Center,2
36047079601,Family,3
36047079602,Center,3
36047079602,Family,3
36047079602,Store,1
36047079801,Family,1
36047079802,Family,6
36047079802,Store,4
36047080000,Store,3
36047080200,Center,5
36047080200,Family,2
36047080200,School,2
36047080200,Store,4
36047080400,Center,4
36047080400,Family,4
36047080600,Center,3
36047080600,Family,1
36047080600,School,1
36047080600,Store,4
36047080800,Store,1
36047081000,Center,2
36047081000,School,1
36047081000,Store,5
36047081400,Center,2
36047081400,Family,3
36047081400,School,1
36047081400,Store,4
36047081600,Center,3
36047081600,Family,3
36047081600,Store,3
36047081800,Center,3
36047081800,Family,2
36047081800,Store,7
36047082000,Center,7
36047082000,Family,2
36047082000,Store,5
36047082200,Center,1
36047082200,Family,3
36047082200,Store,1
36047082400,Center,8
36047082400,Family,5
36047082400,Store,5
36047082600,Center,1
36047082600,Family,4
36047082600,Store,3
36047082800,Center,3
36047082800,Family,2
36047082800,Store,10
36047083000,Center,1
36047083000,Family,1
36047083000,School,1
36047083200,Family,1
36047083400,Family,2
36047083400,Store,1
36047083600,Center,1
36047083600,School,2
36047083600,Store,3
36047083800,Center,2
36047083800,Family,3
36047083800,Store,3
36047084000,Center,2
36047084000,Family,1
36047084000,School,1
36047084000,Store,6
36047084800,Family,3
36047084800,Store,1
36047085000,Center,2
36047085000,Family,1
36047085000,Store,2
36047085400,Center,3
36047085400,Family,3
36047085600,Center,2
36047085600,Family,3
36047085600,School,1
36047085600,Store,2
36047085800,Center,3
36047085800,Family,1
36047085800,Store,4
36047086000,Center,2
36047086000,Family,5
36047086000,Store,6
36047086200,Family,3
36047086200,Store,2
36047086400,Center,1
36047086400,Family,5
36047086400,Store,2
36047086600,Center,3
36047086600,Family,1
36047086600,School,1
36047086600,Store,5
36047086800,Center,1
36047086800,Family,5
36047086800,Store,12
36047087000,Center,2
36047087000,Family,5
36047087000,School,1
36047087000,Store,2
36047087200,Center,1
36047087200,Family,7
36047087401,Center,2
36047087401,Family,1
36047087401,Store,1
36047087600,Family,4
36047087600,Store,1
36047087800,Center,2
36047087800,Family,1
36047087800,Store,4
36047088000,Family,1
36047088000,Store,6
36047088200,Center,1
36047088200,Family,7
36047088200,School,2
36047088200,Store,2
36047088400,Center,3
36047088400,Family,4
36047088400,Store,7
36047088600,Center,1
36047088600,Family,1
36047088600,School,1
36047088600,Store,3
36047088800,Center,2
36047088800,Family,4
36047088800,Store,6
36047089000,Center,3
36047089000,Family,5
36047089000,Store,9
36047089200,Family,2
36047089200,Store,9
36047089400,Center,3
36047089400,Family,6
36047089400,Store,4
36047089600,Family,12
36047089600,School,2
36047089600,Store,2
36047089800,Family,9
36047089800,Store,1
36047090000,Center,2
36047090000,Family,3
36047090000,School,1
36047090000,Store,9
36047090200,Family,10
36047090200,Store,7
36047090600,Center,4
36047090600,Family,5
36047090600,School,1
36047090600,Store,17
36047090800,Center,1
36047090800,Family,1
36047090800,School,1
36047090800,Store,7
36047091000,Family,2
36047091000,Store,7
36047091000,Workforce Development/Job Plus Site,1
36047091200,Family,2
36047091200,School,1
36047091200,Store,1
36047091600,Family,4
36047091600,Store,6
36047091800,Center,3
36047091800,Family,4
36047091800,School,1
36047091800,Store,3
36047092000,Center,2
36047092000,Family,5
36047092200,Family,4
36047092200,Store,1
36047092400,Center,1
36047092400,Family,6
36047092400,School,2
36047092400,Store,8
36047092800,Center,3
36047092800,Family,4
36047093000,Center,1
36047093000,Family,4
36047093000,School,1
36047093000,Store,2
36047093200,Center,2
36047093200,Family,1
36047093200,Store,1
36047093400,Store,2
36047093600,Center,1
36047093600,Family,2
36047093600,Store,2
36047093800,Family,2
36047094401,Center,1
36047094401,Family,3
36047094401,Store,1
36047094402,Family,2
36047094600,Center,2
36047094600,School,1
36047095000,Family,2
36047095000,Store,4
36047095400,Family,7
36047095400,Store,4
36047095600,Center,1
36047095600,Family,3
36047095600,Store,6
36047095800,Family,3
36047095800,Store,1
36047096000,Store,3
36047096200,Family,3
36047096200,Store,2
36047096400,Center,6
36047096400,Family,8
36047096400,School,1
36047096400,Store,1
36047096600,Family,4
36047096600,Store,2
36047096800,Family,4
36047096800,Store,2
36047097000,Family,1
36047097000,School,1
36047097000,Store,2
36047097400,Family,7
36047097400,Store,5
36047098200,Center,2
36047098200,School,1
36047098200,Store,2
36047098400,Center,3
36047098400,Family,1
36047098600,Family,5
36047098600,School,1
36047098600,Store,1
36047098800,Center,2
36047098800,Family,2
36047099000,Center,1
36047099000,Family,3
36047099200,Center,2
36047099200,Family,1
36047099200,Store,2
36047099400,Family,1
36047099400,Store,1
36047099600,Center,2
36047099600,Family,6
36047099600,School,1
36047099800,Center,1
36047099800,Family,3
36047100400,Family,1
36047100600,Center,1
36047100600,Family,2
36047100800,Family,4
36047100800,School,1
36047100800,Store,2
36047101000,Center,1
36047101000,Family,4
36047101000,Store,1
36047101200,Center,1
36047101200,Family,1
36047101200,Store,1
36047101400,Family,2
36047101600,Family,2
36047101800,Family,2
36047102200,Center,1
36047102200,Family,3
36047102200,Store,3
36047102400,Family,4
36047102600,Family,2
36047102800,Center,1
36047102800,Family,1
36047102800,Store,4
36047103400,Family,1
36047103400,School,1
36047103400,Store,2
36047105801,Center,3
36047105801,Family,1
36047105804,Center,2
36047105804,Family,1
36047105804,School,1
36047105804,Store,2
36047107000,Center,2
36047107000,Family,1
36047107000,Store,8
36047107800,School,1
36047107800,Store,1
36047109800,Family,4
36047109800,Store,1
36047110400,Center,1
36047110400,Family,11
36047110400,School,3
36047110400,Store,11
36047110600,Family,2
36047111000,Center,1
36047111000,Family,1
36047111600,Center,1
36047111600,Family,5
36047111600,School,1
36047111600,Store,3
36047111800,Center,2
36047111800,Family,3
36047111800,Store,4
36047112000,Center,1
36047112000,Family,7
36047112000,Store,5
36047112200,Center,1
36047112200,Family,7
36047112200,Store,2
36047112400,Center,2
36047112400,Family,4
36047112400,Store,2
36047112600,Center,3
36047112600,Family,6
36047112600,School,1
36047112600,Store,5
36047112800,Center,2
36047112800,Family,11
36047112800,School,1
36047112800,Store,5
36047112800,Workforce Development/Job Plus Site,1
36047113000,Center,1
36047113000,Family,3
36047113000,School,1
36047113000,Store,1
36047113200,Center,1
36047113200,Family,3
36047113400,Center,2
36047113400,Family,4
36047113400,School,1
36047113400,Store,1
36047114201,Family,1
36047114202,Family,1
36047114400,Center,2
36047114400,Family,7
36047114400,Store,2
36047114600,Family,4
36047114600,Store,7
36047115000,Center,1
36047115000,Family,1
36047115000,School,1
36047115000,Store,1
36047115200,Family,6
36047115200,Store,6
36047115600,Family,4
36047115600,Store,5
36047115800,Family,8
36047115800,School,1
36047116000,Family,5
36047116000,Store,1
36047116200,Family,5
36047116200,Store,1
36047116400,Center,1
36047116400,Family,5
36047116400,School,1
36047116400,Store,1
36047116600,Center,1
36047116600,Family,3
36047116600,Store,4
36047116800,Family,2
36047116800,Store,4
36047117000,Family,2
36047117000,School,1
36047117000,Store,3
36047117201,Family,5
36047117202,Center,4
36047117202,Family,8
36047117202,School,1
36047117202,Store,2
36047117400,Center,2
36047117400,Family,4
36047117400,Store,7
36047117601,Family,6
36047117601,Store,5
36047117602,Center,1
36047117602,Family,2
36047117602,Store,4
36047117800,Family,1
36047117800,Store,6
36047118000,Store,2
36047118201,Family,2
36047118201,School,1
36047118201,Store,1
36047118202,Family,2
36047118202,Store,1
36047118400,Family,3
36047118400,Store,9
36047118600,Family,1
36047118600,Store,1
36047118800,Family,1
36047118800,Store,9
36047119000,Family,3
36047119000,Store,2
36047119200,Center,2
36047119200,Family,5
36047119200,School,1
36047119200,Store,2
36047119400,Center,5
36047119400,Family,4
36047119400,Store,2
36047119600,Center,1
36047119600,Family,8
36047119600,Store,10
36047119600,Workforce Development/HRA Job Center,1
36047119800,Center,4
36047119800,Family,3
36047119800,School,1
36047119800,Store,3
36047119800,Workforce Development/Workforce1 Career Center,1
36047120000,Family,3
36047120000,Store,1
36047120200,Family,1
36047120200,School,1
36047120800,Center,1
36047120800,Family,18
36047120800,Store,1
36047121000,Center,1
36047121000,Family,2
36047121400,Center,1
36047121400,Family,1
36047122000,Center,1
36047122000,Family,9
36047122000,School,1
36047122000,Store,6
36047123700,Center,7
36047123700,Family,4
36047123700,School,1
36047123700,Store,15
36047150200,Center,2
36047150200,School,1
36047152200,Family,1
36047152200,School,1
36047152200,Store,6
36061000201,Family,3
36061000201,School,1
36061000202,Center,3
36061000202,Family,2
36061000202,School,1
36061000202,Store,2
36061000600,Center,5
36061000600,Family,10
36061000600,School,1
36061000600,Store,11
36061000700,Store,3
36061000800,Center,3
36061000800,Family,8
36061000800,Store,16
36061000900,Center,1
36061000900,Store,5
36061001002,Center,3
36061001002,Family,2
36061001002,Store,2
36061001200,Center,1
36061001200,School,1
36061001200,Store,5
36061001300,Center,1
36061001300,School,1
36061001300,Store,4
36061001401,Store,5
36061001402,Center,4
36061001402,Family,2
36061001402,School,1
36061001402,Store,4
36061001501,Center,1
36061001501,School,3
36061001501,Store,7
36061001502,Store,5
36061001502,Workforce Development/Workforce1 Career Center,1
36061001600,Center,4
36061001600,Family,1
36061001600,School,2
36061001600,Store,19
36061001800,Center,5
36061001800,Family,3
36061001800,Store,17
36061002000,Center,2
36061002000,Family,2
36061002000,School,1
36061002000,Store,1
36061002000,Workforce Development/Job Plus Site,1
36061002100,Store,4
36061002201,Center,2
36061002201,Family,2
36061002201,School,1
36061002201,Store,4
36061002202,Store,3
36061002400,Center,2
36061002400,Family,6
36061002500,Center,2
36061002500,Family,6
36061002500,School,1
36061002500,Store,3
36061002601,Center,1
36061002601,Family,3
36061002601,School,3
36061002601,Store,4
36061002602,Center,1
36061002602,Family,1
36061002602,Store,5
36061002700,Center,1
36061002700,School,1
36061002700,Store,8
36061002800,Center,1
36061002800,Family,2
36061002800,School,3
36061002800,Store,6
36061002900,Center,1
36061002900,Family,1
36061002900,Store,16
36061003001,Center,2
36061003001,Family,1
36061003001,School,1
36061003001,Store,5
36061003002,Store,2
36061003100,Center,1
36061003100,School,2
36061003100,Store,1
36061003200,Center,1
36061003200,Family,1
36061003200,School,2
36061003200,Store,4
36061003300,Center,2
36061003300,Store,4
36061003400,Center,1
36061003400,Family,2
36061003400,Store,3
36061003601,Store,3
36061003700,Store,3
36061003700,Workforce Development/Workforce1 Career Center,1
36061003800,Store,9
36061003900,School,1
36061003900,Store,4
36061004000,Center,1
36061004000,School,1
36061004000,Store,5
36061004100,Center,2
36061004100,Family,3
36061004100,School,1
36061004100,Store,24
36061004200,Store,3
36061004300,Store,2
36061004400,Store,3
36061004500,Store,2
36061004700,Store,6
36061004800,School,1
36061004800,Store,5
36061004900,Store,2
36061005000,Store,7
36061005000,Workforce Development/HRA Job Center,3
36061005200,Store,2
36061005400,School,2
36061005400,Store,5
36061005501,Center,1
36061005501,Store,4
36061005600,Family,1
36061005600,Store,5
36061005700,Store,3
36061005800,Center,2
36061005800,Store,7
36061005900,Store,4
36061006100,Store,4
36061006200,Center,2
36061006300,Store,7
36061006300,Workforce Development/HRA Job Center,1
36061006400,School,2
36061006400,Store,8
36061006500,Store,4
36061006600,Family,1
36061006600,Store,11
36061006700,Store,6
36061006800,Store,4
36061007000,School,1
36061007000,Store,10
36061007100,School,1
36061007200,Store,8
36061007300,School,1
36061007300,Store,5
36061007400,Store,5
36061007500,Store,1
36061007600,Center,2
36061007600,Store,2
36061007600,Workforce Development/Workforce1 Career Center,1
36061007700,Store,9
36061007800,Store,5
36061007900,Store,2
36061008000,Store,3
36061008100,Family,1
36061008100,Store,11
36061008200,Store,3
36061008300,Store,8
36061008400,Store,5
36061008601,School,2
36061008603,Store,2
36061008700,Store,4
36061008800,Store,3
36061008900,Center,3
36061008900,Family,1
36061008900,School,1
36061008900,Store,10
36061009000,Center,1
36061009000,Store,7
36061009100,Store,7
36061009200,Store,5
36061009300,Family,2
36061009300,Store,7
36061009400,Store,1
36061009500,Store,5
36061009600,Store,2
36061009700,Center,2
36061009700,Family,1
36061009700,School,1
36061009700,Store,2
36061009800,Store,5
36061009900,Center,2
36061009900,Store,3
36061010000,Store,3
36061010100,Store,3
36061010200,Store,5
36061010300,Center,1
36061010300,Store,1
36061010400,Store,4
36061010601,Store,4
36061010602,Store,2
36061010800,School,1
36061010800,Store,5
36061010900,Store,5
36061011000,Center,1
36061011000,Store,6
36061011100,Store,8
36061011201,Store,1
36061011202,Store,1
36061011203,Store,1
36061011300,Store,8
36061011402,Store,5
36061011500,Center,1
36061011500,Store,13
36061011600,School,1
36061011600,Store,3
36061011800,School,1
36061011800,Store,8
36061011900,Store,1
36061012100,Store,7
36061012400,Store,5
36061012600,Center,2
36061012600,Store,8
36061012700,Center,1
36061012700,Family,1
36061012700,School,1
36061012700,Store,14
36061012800,Store,7
36061012900,Family,1
36061012900,School,1
36061012900,Store,7
36061013000,Store,3
36061013100,Store,2
36061013200,School,1
36061013200,Store,4
36061013300,Center,1
36061013300,Family,2
36061013300,School,1
36061013300,Store,6
36061013400,Store,9
36061013500,Center,1
36061013500,Family,3
36061013500,Store,7
36061013600,Center,1
36061013600,Store,8
36061013700,Store,6
36061013800,School,1
36061013800,Store,9
36061013900,Store,7
36061014000,Store,4
36061014200,Center,1
36061014200,School,1
36061014200,Store,4
36061014402,School,1
36061014402,Store,6
36061014500,Store,3
36061014601,Store,4
36061014602,Store,4
36061014700,Center,1
36061014700,School,1
36061014700,Store,1
36061014801,Store,1
36061014802,Store,6
36061014900,Store,4
36061015001,Store,1
36061015002,Store,2
36061015100,Center,4
36061015100,Family,3
36061015100,School,1
36061015100,Store,3
36061015200,Center,1
36061015200,Family,3
36061015200,Store,9
36061015300,Store,2
36061015400,Center,1
36061015400,Store,6
36061015500,Store,3
36061015601,Store,3
36061015602,Center,1
36061015602,Family,1
36061015602,Store,2
36061015700,Store,4
36061015801,School,1
36061015801,Store,3
36061015802,Store,5
36061015900,Store,5
36061016001,Store,2
36061016002,Center,1
36061016002,Store,1
36061016100,School,1
36061016100,Store,1
36061016200,Center,2
36061016200,Family,9
36061016200,School,2
36061016200,Store,2
36061016300,Center,1
36061016300,Family,1
36061016300,Store,4
36061016400,Center,2
36061016400,Family,5
36061016400,School,1
36061016400,Store,12
36061016500,Store,4
36061016600,Center,2
36061016600,Family,1
36061016600,School,1
36061016600,Store,15
36061016700,Store,2
36061016800,Center,2
36061016800,Family,2
36061016800,School,2
36061016800,Store,3
36061016900,Center,3
36061016900,Family,1
36061016900,School,1
36061016900,Store,6
36061017000,Center,4
36061017000,Family,3
36061017000,School,1
36061017000,Store,11
36061017100,Center,1
36061017100,School,1
36061017100,Store,3
36061017200,Center,3
36061017200,Family,3
36061017200,School,1
36061017200,Store,11
36061017300,Center,1
36061017300,Family,1
36061017300,Store,1
36061017401,Family,1
36061017401,School,3
36061017401,Store,4
36061017402,Center,2
36061017402,Family,4
36061017402,Store,4
36061017500,Store,6
36061017700,Center,3
36061017700,Family,1
36061017700,School,1
36061017700,Store,2
36061017800,Center,1
36061017800,Store,6
36061017900,Family,1
36061017900,Store,6
36061018000,Center,2
36061018000,Family,8
36061018000,School,2
36061018000,Store,14
36061018000,Workforce Development/Job Plus Site,1
36061018100,Center,3
36061018100,Family,1
36061018100,Store,4
36061018200,Center,2
36061018200,Family,7
36061018200,School,1
36061018200,Store,13
36061018300,Store,8
36061018400,Center,2
36061018400,Family,11
36061018400,Store,13
36061018500,School,1
36061018500,Store,3
36061018600,Center,2
36061018600,Family,6
36061018600,School,2
36061018600,Store,1
36061018700,Store,2
36061018800,Center,1
36061018800,Family,5
36061018800,School,1
36061018800,Store,9
36061018900,Center,3
36061018900,Family,6
36061018900,School,1
36061018900,Store,7
36061019000,Center,4
36061019000,Family,2
36061019000,School,1
36061019000,Store,5
36061019100,Family,2
36061019100,Store,8
36061019200,Family,2
36061019200,School,2
36061019200,Store,1
36061019300,Center,4
36061019300,Family,8
36061019300,Store,9
36061019400,Center,4
36061019400,Family,3
36061019400,School,1
36061019400,Store,5
36061019500,Center,1
36061019500,School,1
36061019500,Store,2
36061019600,Center,2
36061019600,Family,3
36061019600,School,1
36061019600,Store,7
36061019701,School,1
36061019702,Family,3
36061019800,Store,2
36061019900,Store,4
36061020000,Center,3
36061020000,Store,5
36061020102,Family,10
36061020102,Store,4
36061020300,Center,1
36061020300,Store,2
36061020500,Store,1
36061020600,Center,2
36061020600,Family,3
36061020600,School,1
36061020600,Store,6
36061020800,Family,2
36061020800,Store,3
36061020901,Center,1
36061020901,Family,4
36061020901,School,1
36061020901,Store,7
36061021000,Center,2
36061021000,Family,6
36061021000,Store,2
36061021100,Family,3
36061021100,Store,9
36061021200,Center,1
36061021200,Family,7
36061021200,School,1
36061021200,Store,5
36061021303,Family,6
36061021303,School,1
36061021303,Store,2
36061021400,Family,3
36061021400,Store,2
36061021500,Center,2
36061021500,Family,7
36061021500,Store,3
36061021600,Center,1
36061021600,Family,3
36061021600,Store,3
36061021703,School,1
36061021703,Store,1
36061021800,Center,1
36061021800,Family,5
36061021800,Store,6
36061021900,Center,2
36061021900,Family,6
36061021900,Store,5
36061022000,Family,5
36061022000,School,2
36061022000,Store,5
36061022102,School,1
36061022102,Store,9
36061022200,Family,3
36061022200,Store,7
36061022200,Workforce Development/HRA Job Center,2
36061022200,Workforce Development/Workforce1 Career Center,1
36061022301,Family,7
36061022301,School,1
36061022301,Store,7
36061022302,Center,2
36061022302,Family,1
36061022400,Center,4
36061022400,Family,4
36061022400,School,1
36061022400,Store,4
36061022500,Family,17
36061022500,Store,8
36061022600,Family,5
36061022600,School,1
36061022600,Store,7
36061022700,Family,1
36061022700,Store,2
36061022800,Family,4
36061022800,School,1
36061022800,Store,8
36061022900,Center,1
36061022900,Family,5
36061022900,Store,13
36061023000,Center,1
36061023000,Family,9
36061023000,Store,8
36061023100,Family,3
36061023100,Store,5
36061023200,Center,6
36061023200,Family,12
36061023200,School,1
36061023200,Store,12
36061023300,Family,3
36061023300,School,1
36061023300,Store,7
36061023400,Center,1
36061023400,Family,3
36061023400,Store,1
36061023501,Center,1
36061023501,Family,9
36061023501,Store,3
36061023502,Family,3
36061023502,Store,2
36061023600,Center,3
36061023600,Family,4
36061023600,School,1
36061023600,Store,1
36061023700,Family,7
36061023700,School,1
36061023700,Store,5
36061023801,Store,3
36061023802,Center,1
36061023802,School,1
36061023802,Store,1
36061023900,Center,1
36061023900,Family,3
36061023900,School,1
36061023900,Store,2
36061024100,Center,1
36061024100,Family,7
36061024100,Store,9
36061024200,Center,4
36061024200,Family,3
36061024200,School,1
36061024200,Store,1
36061024200,Workforce Development/HRA Job Center,1
36061024301,Center,1
36061024301,Family,3
36061024301,Store,6
36061024302,Center,2
36061024302,Family,8
36061024302,School,1
36061024302,Store,1
36061024500,Center,3
36061024500,Family,12
36061024500,School,1
36061024500,Store,23
36061024700,Family,11
36061024700,Store,1
36061024900,Center,1
36061024900,Family,1
36061024900,School,1
36061024900,Store,1
36061025100,School,2
36061025100,Store,4
36061025300,Family,21
36061025300,Store,15
36061025500,Family,5
36061025700,Family,8
36061025700,School,2
36061025700,Store,3
36061025900,Center,2
36061025900,Family,1
36061025900,Store,12
36061026100,Center,2
36061026100,Family,9
36061026100,School,1
36061026100,Store,4
36061026300,Center,1
36061026300,Family,16
36061026300,School,1
36061026300,Store,7
36061026500,Family,5
36061026500,Store,4
36061026900,Family,4
36061026900,School,1
36061026900,Store,10
36061026900,Workforce Development/Workforce1 Career Center,1
36061027100,Center,3
36061027100,Family,10
36061027100,School,1
36061027100,Store,9
36061027300,Center,1
36061027300,Family,2
36061027300,School,1
36061027300,Store,4
36061027700,Family,23
36061027700,School,1
36061027700,Store,7
36061027900,Center,1
36061027900,Family,11
36061027900,Store,10
36061028300,Center,1
36061028300,Family,18
36061028300,School,1
36061028300,Store,3
36061028500,Center,1
36061028500,Family,9
36061028500,Store,12
36061028700,Center,1
36061028700,Family,6
36061028700,Store,9
36061029100,Center,3
36061029100,Family,16
36061029100,Store,10
36061029300,Family,17
36061029300,School,1
36061029300,Store,10
36061029500,Family,8
36061029500,Store,6
36061029700,Store,1
36061029900,Center,2
36061029900,Family,5
36061029900,School,1
36061029900,Store,5
36061029900,Workforce Development/HRA Job Center,1
36061030300,Center,1
36061030300,Family,3
36061030300,School,1
36061030300,Store,3
36061030700,Store,1
36061030900,Center,2
36061030900,Family,14
36061030900,Store,6
36061031703,School,1
36061031703,Store,3
36061031704,Center,2
36061031704,Store,2
36081000100,School,1
36081000100,Store,1
36081000200,Family,1
36081000400,Family,6
36081000400,Store,1
36081000600,Family,2
36081000700,School,1
36081000800,Center,1
36081000800,Family,3
36081001000,Family,3
36081001200,Center,1
36081001200,Family,1
36081001200,School,1
36081001400,Center,1
36081001600,Center,1
36081001600,Family,5
36081001800,Family,4
36081001800,School,1
36081001900,School,1
36081002000,School,1
36081002000,Store,1
36081002200,Family,1
36081002400,Family,4
36081002400,School,2
36081002500,Center,1
36081002500,Family,4
36081002600,Family,1
36081002800,Family,1
36081002800,School,1
36081003000,Family,2
36081003000,Store,1
36081003100,Center,1
36081003100,Store,1
36081003200,Family,2
36081003300,Family,1
36081003300,School,1
36081003400,Center,1
36081003400,Family,2
36081003600,Family,1
36081003800,Family,3
36081003800,School,1
36081003900,School,1
36081004001,Center,2
36081004001,Family,4
36081004001,Store,1
36081004200,Center,2
36081004200,Family,1
36081004300,Center,1
36081004300,Family,1
36081004300,School,1
36081004401,Family,1
36081004401,Store,1
36081004500,Center,1
36081004700,Center,2
36081004700,Family,4
36081005200,Family,3
36081005400,Family,3
36081005400,School,1
36081005500,Family,1
36081005700,Center,1
36081005700,Family,2
36081005700,School,1
36081005800,Family,1
36081005900,School,1
36081006100,Center,4
36081006100,Family,1
36081006100,Store,1
36081006201,Family,1
36081006202,Center,1
36081006202,Family,2
36081006300,Center,2
36081006502,Center,1
36081006502,Store,1
36081006900,Center,3
36081007100,Center,3
36081007100,Family,1
36081007100,School,1
36081007300,Family,1
36081007300,School,1
36081007900,Center,1
36081007900,Family,1
36081008300,Center,1
36081008300,School,1
36081008300,Store,2
36081008500,Center,1
36081008500,Workforce Development/Workforce1 Career Center,1
36081008600,Center,2
36081008700,Store,4
36081008700,Workforce Development/Job Plus Site,1
36081008800,Family,1
36081008800,School,1
36081009100,Family,2
36081009400,Family,1
36081009600,Family,1
36081009600,School,1
36081009800,Family,1
36081010000,Family,1
36081010200,Family,2
36081010200,School,1
36081010300,Center,1
36081010300,School,1
36081010400,Family,4
36081010500,Center,1
36081010500,Store,2
36081010600,Family,1
36081010800,Center,1
36081010800,Family,1
36081011000,Center,2
36081011000,Family,1
36081011000,School,1
36081011200,Center,1
36081011200,Family,2
36081011300,Center,2
36081011300,Store,1
36081011400,Family,1
36081011500,Center,1
36081011500,School,1
36081011600,Family,1
36081011700,Store,2
36081011800,Family,1
36081011900,Center,1
36081011900,School,1
36081012000,Center,2
36081012000,Family,1
36081012100,Center,1
36081012200,Family,3
36081012200,School,1
36081012400,Center,1
36081012400,Family,1
36081012601,Family,1
36081012602,Family,2
36081012800,School,1
36081013000,Center,3
36081013000,Family,1
36081013200,Center,2
36081013400,Center,1
36081013600,Center,2
36081013800,Family,1
36081013800,School,1
36081014000,Center,1
36081014201,Family,1
36081014202,Family,1
36081014202,School,1
36081014400,Family,1
36081014500,Center,1
36081014700,Center,1
36081014900,Center,2
36081014900,School,1
36081015000,Family,5
36081015200,Family,1
36081015300,Family,2
36081015400,Center,1
36081015400,Family,1
36081015400,School,1
36081015500,Family,1
36081015600,Family,1
36081015600,School,1
36081015801,Center,4
36081015801,Family,4
36081015802,Family,1
36081016300,Center,2
36081016300,School,1
36081016400,Family,3
36081016600,Family,2
36081016800,Family,1
36081016900,Store,1
36081017000,Family,1
36081017000,School,1
36081017100,Workforce Development/HRA Job Center,3
36081017200,Family,1
36081017400,Family,1
36081017600,Family,3
36081017600,School,1
36081017800,Family,2
36081017900,Center,5
36081017900,Store,2
36081018000,Center,1
36081018000,Family,2
36081018000,School,1
36081018101,School,1
36081018102,School,1
36081018200,Center,1
36081018200,Family,2
36081018300,Center,3
36081018401,Family,4
36081018401,School,1
36081018401,Store,1
36081018402,Center,1
36081018402,Family,3
36081018402,School,1
36081018501,Store,1
36081018600,Family,4
36081018700,Family,1
36081018700,School,1
36081018800,Family,1
36081018900,Family,2
36081018900,School,1
36081019000,Center,2
36081019000,Family,5
36081019200,Family,3
36081019400,Family,5
36081019600,Center,2
36081019600,Family,2
36081019600,School,1
36081019800,Center,1
36081019800,Family,3
36081019800,Store,2
36081020400,Family,1
36081020400,Store,1
36081020600,Center,1
36081020600,School,1
36081020600,Store,1
36081020800,Family,1
36081021200,Center,3
36081021200,Family,1
36081021400,Center,2
36081021400,Family,3
36081021600,Center,1
36081021600,Store,1
36081022001,Center,2
36081022001,Family,2
36081022002,Center,2
36081022002,Family,1
36081022900,Store,1
36081023000,Center,4
36081023000,School,1
36081023200,Center,1
36081023200,Family,4
36081023200,School,1
36081023500,Family,1
36081023500,Store,1
36081024000,Center,3
36081024000,Family,1
36081024000,School,1
36081024000,Store,1
36081024300,Center,2
36081024300,Family,2
36081024500,Center,1
36081024600,Center,2
36081024700,Family,1
36081024900,Center,3
36081025100,Center,3
36081025301,Center,1
36081025301,Family,1
36081025301,Store,1
36081025400,Center,1
36081025400,Family,8
36081025400,School,1
36081025700,Center,2
36081025700,Family,1
36081025700,School,1
36081025800,Family,1
36081025900,Center,1
36081025900,Family,1
36081025900,Store,1
36081026000,Family,5
36081026000,School,1
36081026200,Family,2
36081026300,Center,3
36081026400,Center,1
36081026400,Family,1
36081026400,School,1
36081026600,Center,4
36081026600,Family,1
36081026700,Center,2
36081026700,Store,1
36081026901,Center,2
36081026901,Family,5
36081026902,Center,1
36081026902,Family,1
36081027000,Family,4
36081027100,Family,1
36081027200,Center,1
36081027200,Store,1
36081027300,Center,1
36081027300,Family,1
36081027300,Store,1
36081027400,Family,2
36081027600,Center,1
36081027600,Family,1
36081027700,Center,2
36081027700,Family,3
36081027800,Center,2
36081027800,Family,1
36081027800,School,1
36081027900,Center,1
36081027900,Family,1
36081027900,School,1
36081028000,Family,3
36081028100,Family,1
36081028200,Center,1
36081028200,Family,1
36081028300,Center,2
36081028300,Family,1
36081028300,School,2
36081028400,Center,5
36081028400,Family,1
36081028400,Store,2
36081028500,Center,1
36081028500,Store,1
36081028700,Center,4
36081028700,School,1
36081028800,Center,3
36081028800,Family,13
36081028900,Store,1
36081029300,School,1
36081029400,Family,11
36081029500,Center,3
36081029500,Family,1
36081029700,Family,1
36081030600,Center,1
36081030600,Family,5
36081030903,Family,4
36081032000,Center,2
36081032000,Family,7
36081032000,School,2
36081032000,Store,2
36081032700,Center,1
36081032700,Family,1
36081032800,Family,6
36081032900,Center,1
36081032900,Family,6
36081033000,Center,1
36081033000,Family,9
36081033000,Store,1
36081033401,Center,3
36081033401,Family,4
36081033402,Center,5
36081033402,School,2
36081033700,Family,2
36081033900,Center,2
36081033900,Family,3
36081033900,School,1
36081034700,Family,3
36081035100,Family,4
36081035200,Center,1
36081035200,Family,4
36081035200,School,1
36081035300,Family,2
36081035300,School,1
36081035700,Family,8
36081035700,School,2
36081035800,Center,3
36081035800,Family,5
36081036100,Family,5
36081036300,Center,2
36081036300,Family,1
36081036500,Family,4
36081036500,Store,1
36081036600,Center,5
36081036600,Family,1
36081036700,Center,1
36081036700,Family,3
36081036800,Family,4
36081037100,Family,2
36081037300,Center,2
36081037300,Family,4
36081037300,School,1
36081037500,Store,1
36081037600,Family,8
36081037600,School,1
36081037700,Center,1
36081037700,Family,2
36081037700,School,1
36081037900,Center,1
36081037900,Family,1
36081037900,School,1
36081038100,Center,3
36081038100,Family,4
36081038400,Center,2
36081038400,Family,3
36081039400,Center,3
36081039400,Family,4
36081039800,Center,1
36081039800,Family,4
36081039900,Family,1
36081040000,Family,1
36081040100,Family,1
36081040100,Store,2
36081040300,Center,3
36081040300,Family,1
36081040300,School,2
36081040300,Store,1
36081040400,Center,1
36081040400,Family,2
36081040700,Center,3
36081040700,Family,6
36081040900,Family,2
36081041100,Family,2
36081041100,Store,1
36081041400,Family,3
36081041400,School,1
36081041500,Center,3
36081041500,Family,4
36081041500,School,2
36081041500,Store,1
36081042400,Family,2
36081042600,Center,1
36081043200,Family,1
36081043400,Family,5
36081043701,Family,2
36081043702,Center,3
36081043702,Family,1
36081043702,Store,1
36081043900,Family,1
36081044000,Family,7
36081044301,Family,2
36081044302,Family,1
36081044302,School,2
36081044400,Center,2
36081044400,School,1
36081044400,Store,1
36081044601,Center,4
36081044602,Center,1
36081044602,School,1
36081044800,Center,2
36081044800,School,1
36081045500,Center,4
36081045500,Family,8
36081045500,School,1
36081045700,Center,2
36081045700,Family,3
36081045800,Center,2
36081046000,Center,1
36081046000,Workforce Development/HRA Job Center,2
36081046000,Workforce Development/Workforce1 Career Center,2
36081046100,Store,1
36081046200,Center,1
36081046200,Family,1
36081046300,Family,3
36081046500,Center,1
36081046500,Family,2
36081046600,Center,2
36081046700,Center,1
36081046700,School,1
36081046800,Family,2
36081046800,Store,1
36081046900,Family,2
36081047000,Family,2
36081047100,Family,1
36081047300,Center,1
36081047500,Center,4
36081047600,Center,1
36081047800,Center,1
36081047800,Family,1
36081047800,Store,1
36081047900,Center,3
36081047900,School,1
36081047900,Store,1
36081048000,Center,3
36081048000,Family,3
36081048100,Center,1
36081048200,Center,1
36081048200,School,1
36081048300,Center,2
36081048400,Center,1
36081048500,Family,1
36081048500,School,3
36081048500,Store,3
36081048900,School,1
36081049200,Center,1
36081049200,Family,2
36081049200,School,1
36081049301,Center,1
36081049301,Family,2
36081049302,School,1
36081049600,Family,1
36081049600,Store,1
36081049700,Center,1
36081049900,Center,2
36081049900,Store,1
36081050000,Center,2
36081050000,Family,3
36081050201,Family,2
36081050202,Family,1
36081050400,Center,1
36081050400,Family,1
36081050400,School,1
36081050600,Family,1
36081050700,Family,1
36081050700,Store,1
36081050800,Center,1
36081050800,School,1
36081051000,Center,1
36081051200,Center,1
36081051200,Family,2
36081051300,School,1
36081051600,Family,1
36081051700,School,1
36081051800,Family,2
36081052000,Family,1
36081052000,School,2
36081052100,Center,2
36081052200,Family,3
36081052400,Family,4
36081052600,Family,4
36081052800,Center,1
36081052800,Family,1
36081053000,Center,1
36081053000,Family,2
36081053200,Center,4
36081053401,Family,3
36081053601,Family,2
36081053800,Center,3
36081053800,Family,1
36081053900,Family,2
36081053900,School,2
36081053900,Store,3
36081054000,Center,2
36081054000,Family,2
36081054000,Store,5
36081054200,Center,2
36081054200,Family,1
36081054500,Family,3
36081054500,School,1
36081054500,Store,5
36081054700,Family,5
36081054700,Store,4
36081054800,Family,2
36081054900,Family,2
36081054900,Store,7
36081055100,Store,3
36081055300,Family,2
36081055300,School,2
36081055300,Store,2
36081055500,Family,2
36081055500,Store,3
36081055700,Center,1
36081055700,Family,1
36081055700,School,1
36081055700,Store,4
36081055800,Center,1
36081055900,Family,2
36081055900,Store,1
36081056000,Center,1
36081056000,Family,1
36081056500,Center,1
36081056500,Family,5
36081056500,Store,1
36081056600,Family,2
36081056700,Family,3
36081056700,Store,1
36081056800,Center,5
36081056800,Family,2
36081056800,School,2
36081056800,Store,2
36081057700,Center,2
36081057700,Family,1
36081057700,Store,1
36081058000,Family,3
36081058100,Center,1
36081058100,Family,3
36081058100,Store,1
36081058200,Center,2
36081058200,Family,4
36081058200,School,1
36081058200,Store,2
36081058300,Center,1
36081058300,Family,1
36081058300,Store,1
36081058500,School,1
36081058500,Store,4
36081058700,Family,1
36081058700,Store,1
36081058900,Center,2
36081058900,Store,1
36081059000,Family,1
36081059100,Store,4
36081059300,Center,1
36081059300,Family,1
36081059300,Store,2
36081059500,Family,5
36081059500,School,2
36081059500,Store,2
36081059600,Family,2
36081059800,School,1
36081059900,School,1
36081060100,Store,1
36081060300,Center,2
36081060600,Family,3
36081060800,Family,1
36081061000,Store,1
36081061200,Family,1
36081061301,Center,1
36081061301,Store,1
36081061400,Center,1
36081061400,Family,2
36081061400,School,1
36081061602,Family,2
36081061800,Family,1
36081061800,School,1
36081062000,Family,1
36081062100,Center,2
36081062100,School,2
36081062200,Center,2
36081062200,Family,1
36081062500,Family,4
36081062500,Store,1
36081062600,Center,2
36081062600,Family,2
36081062600,School,1
36081062700,Family,2
36081062700,School,2
36081062900,Center,1
36081062900,School,1
36081063000,Family,2
36081063200,Center,7
36081063200,Store,2
36081063500,Center,1
36081063500,Family,1
36081063800,Center,5
36081063800,Family,2
36081064500,Center,1
36081064600,Family,5
36081064600,School,1
36081065000,Family,2
36081065400,Family,5
36081065600,Family,2
36081065703,Center,1
36081065703,Store,1
36081065900,Center,2
36081066000,Family,6
36081066000,School,1
36081066300,Center,1
36081066300,Family,1
36081066400,Center,1
36081066400,Family,9
36081066400,School,1
36081066501,Center,2
36081067900,Center,1
36081068000,Family,2
36081068200,Center,2
36081068300,Center,1
36081068700,Center,3
36081068700,Family,2
36081069000,Family,2
36081069300,Center,1
36081069300,Family,2
36081069400,Family,7
36081069400,School,1
36081069500,Center,2
36081069701,Center,1
36081069701,Family,2
36081069702,Center,1
36081069702,Family,4
36081069702,School,1
36081070300,Center,1
36081071100,Center,1
36081071100,Family,2
36081071100,Store,1
36081071303,Center,1
36081071303,Family,1
36081071304,Center,1
36081071304,Family,2
36081071306,Family,2
36081071600,Center,1
36081071701,Center,1
36081071701,Family,4
36081071702,Family,2
36081071702,School,1
36081071900,Center,4
36081071900,Family,4
36081072100,Family,3
36081072100,School,1
36081072300,Family,1
36081072300,School,1
36081072300,Store,2
36081072900,Center,1
36081072900,School,1
36081073900,Center,1
36081073900,School,1
36081074100,Center,2
36081074300,Family,1
36081074300,Store,1
36081074500,Family,9
36081074500,School,1
36081074700,Family,3
36081075701,Center,4
36081075701,Store,1
36081075702,Center,2
36081075702,School,1
36081077300,Center,2
36081077500,Center,4
36081077500,Family,2
36081077902,Center,1
36081077902,Family,5
36081077902,School,1
36081077902,Store,1
36081077903,Center,1
36081077904,Family,7
36081077905,Center,2
36081077905,Store,2
36081077906,Center,4
36081077906,Family,1
36081077906,School,1
36081077907,Center,1
36081077907,Family,2
36081077908,Center,1
36081077908,Family,2
36081078800,Center,2
36081078800,Family,2
36081078800,School,1
36081079000,Center,1
36081079000,Store,1
36081079701,Center,2
36081079701,Family,1
36081079701,School,1
36081079702,Center,3
36081079900,Store,1
36081080301,School,1
36081080900,Family,3
36081080900,School,2
36081081400,Center,3
36081081400,Family,7
36081081800,Center,1
36081081800,Family,4
36081083800,Family,2
36081084000,Family,7
36081084500,Family,2
36081084602,Family,2
36081084900,Center,3
36081084900,Family,2
36081084900,Store,1
36081085300,Center,2
36081085300,Family,1
36081085300,Store,1
36081085300,Workforce Development/Workforce1 Career Center,2
36081085500,Center,3
36081085500,School,1
36081085700,Store,1
36081085900,Center,4
36081085900,Family,1
36081086100,Center,2
36081086500,Center,1
36081086500,Store,1
36081086900,Center,1
36081086900,Store,1
36081087100,Center,3
36081087100,Store,2
36081088400,Center,1
36081088400,Family,2
36081088400,School,1
36081088901,Center,3
36081088901,School,2
36081089200,Center,2
36081089200,School,1
36081089200,Store,2
36081090700,School,1
36081091601,Center,1
36081091601,Store,1
36081091900,Family,1
36081092200,Center,1
36081092500,Family,1
36081092500,School,1
36081092500,Store,1
36081092800,School,1
36081092900,Family,1
36081092900,Store,2
36081093401,Family,1
36081093401,Store,2
36081093402,Family,1
36081093402,Store,2
36081093800,School,1
36081093800,Store,5
36081094201,Center,1
36081094201,Family,3
36081094202,School,1
36081094202,Store,3
36081094203,Center,1
36081094203,Store,1
36081094500,Family,3
36081094500,School,1
36081094500,Store,3
36081095400,Center,3
36081095400,Family,4
36081095400,Store,1
36081096400,Center,3
36081096400,Family,11
36081096400,School,1
36081096400,Workforce Development/HRA Job Center,1
36081097202,Center,1
36081097202,Family,3
36081097202,Workforce Development/Workforce1 Career Center,1
36081097203,Center,1
36081097203,Family,6
36081097203,School,1
36081097204,Center,1
36081097204,Family,9
36081097204,School,1
36081097204,Store,1
36081097300,Store,2
36081098100,Center,2
36081098100,Store,2
36081098700,Center,4
36081098700,School,1
36081099200,Center,1
36081099200,Family,5
36081099200,School,1
36081099704,Center,1
36081099704,School,1
36081099801,Center,1
36081099801,Family,10
36081099801,School,1
36081099801,Store,2
36081099802,Family,9
36081099802,School,2
36081100801,Family,5
36081100801,School,1
36081100802,Family,21
36081100802,Store,1
36081101001,Center,1
36081101001,Family,11
36081101001,School,1
36081101001,Store,2
36081101002,Family,1
36081101002,School,1
36081101002,Store,1
36081101700,Center,2
36081101700,School,2
36081103201,Center,1
36081103201,Family,10
36081103201,Store,2
36081103202,Center,4
36081103202,Family,2
36081103202,School,1
36081103202,Store,3
36081103900,Family,1
36081103900,School,1
36081104700,Center,1
36081104700,School,1
36081105900,Center,1
36081107201,School,1
36081107201,Store,2
36081109300,Center,1
36081109900,Center,2
36081109900,School,1
36081111300,Center,2
36081112300,Center,2
36081112900,Store,1
36081113300,Center,2
36081114100,Center,1
36081114100,School,1
36081115100,Center,2
36081115700,Family,1
36081115900,Center,3
36081116300,Store,1
36081116700,Center,2
36081116700,School,1
36081117100,Store,1
36081117500,Center,2
36081118100,Center,1
36081118700,Center,2
36081118700,Family,1
36081119500,Family,1
36081119500,School,1
36081119900,Family,1
36081120100,Center,1
36081120500,Family,1
36081120700,Center,3
36081121500,Center,2
36081121500,Family,1
36081121500,School,1
36081122300,Center,1
36081122300,Family,1
36081122300,School,1
36081122300,Store,1
36081122701,Center,3
36081122701,Family,1
36081122701,School,1
36081122701,Store,1
36081122702,Center,1
36081122702,Family,1
36081122702,School,1
36081122702,Store,3
36081124100,Center,3
36081124100,Family,1
36081125700,Center,4
36081125700,Family,2
36081125700,School,1
36081126500,Center,1
36081126500,Family,1
36081126500,Store,2
36081126700,Center,3
36081127700,Center,1
36081127700,School,1
36081127700,Store,6
36081129102,Store,3
36081129103,Center,2
36081129103,School,1
36081129104,School,1
36081133300,Center,1
36081133300,Family,1
36081133900,Store,1
36081134100,Center,2
36081134100,Family,2
36081134700,Center,1
36081134700,School,2
36081134700,Store,1
36081136700,Center,3
36081136700,School,1
36081137700,School,1
36081138501,School,1
36081139900,Center,1
36081140901,School,1
36081141700,Family,1
36081142900,Center,1
36081144700,Center,1
36081144700,School,2
36081145101,Center,1
36081145102,Store,1
36081145900,Center,1
36081146300,School,1
36081146700,Center,1
36081146700,Family,1
36081146700,Store,1
36081147100,Center,1
36081147900,Center,3
36081148300,Center,1
36081148300,School,1
36081148300,Store,5
36081150701,Center,1
36081150702,Center,2
36081152901,School,1
36081152902,Center,2
36081155101,Store,2
36081155102,School,2
36081156700,Center,4
36081156700,School,1
36081157101,Family,2
36081157101,School,1
36081157902,Center,1
36081157902,School,1
36081157903,School,1
36081157903,Store,1
36081161700,Store,2
36081162100,Family,2
36081162100,School,1
36085000300,Center,2
36085000300,School,1
36085000300,Store,6
36085000300,Workforce Development/Job Plus Site,1
36085000300,Workforce Development/Workforce1 Career Center,1
36085000600,Family,1
36085000600,Store,8
36085000700,Family,1
36085000700,School,1
36085000700,Store,3
36085000800,Center,1
36085000800,Family,2
36085000800,School,1
36085000800,Store,6
36085000900,Family,14
36085000900,School,1
36085000900,Store,2
36085001100,Center,1
36085001100,Family,5
36085001100,School,1
36085001100,Store,7
36085001700,Store,3
36085002001,Family,1
36085002002,Center,1
36085002002,Store,2
36085002100,Center,1
36085002100,Family,2
36085002100,School,1
36085002100,Store,19
36085002100,Workforce Development/HRA Job Center,1
36085002700,Store,6
36085002900,Center,3
36085002900,Family,12
36085002900,School,1
36085002900,Store,5
36085003300,Family,3
36085003300,Store,1
36085003600,Store,2
36085004000,Center,1
36085004000,Family,13
36085004000,School,1
36085004000,Store,1
36085004700,Family,1
36085004700,Store,3
36085005000,Center,1
36085005000,Family,1
36085005000,School,2
36085005000,Store,6
36085005900,Store,4
36085006400,Center,2
36085006400,Family,2
36085006400,School,1
36085006400,Store,6
36085006700,Center,1
36085006700,Family,1
36085006700,Store,3
36085007000,Center,3
36085007000,Store,2
36085007400,Center,2
36085007400,Family,1
36085007400,Store,5
36085007500,Center,3
36085007500,Family,3
36085007500,Store,4
36085007700,Family,2
36085007700,Store,6
36085008100,Center,1
36085008100,Family,3
36085008100,School,1
36085008100,Store,3
36085009601,Center,1
36085009601,Store,2
36085009602,Center,1
36085009602,Family,1
36085009602,School,1
36085009602,Store,4
36085009700,Family,1
36085009700,Store,3
36085010500,Center,4
36085010500,Family,5
36085010500,School,1
36085010500,Store,6
36085011201,Center,1
36085011201,Family,1
36085011201,School,1
36085011201,Store,4
36085011202,Center,2
36085011202,School,1
36085011202,Store,5
36085011401,Center,3
36085011401,Store,6
36085011402,Center,1
36085011402,Store,2
36085012100,Center,2
36085012100,School,1
36085012100,Store,6
36085012200,Center,1
36085012200,School,1
36085012200,Store,5
36085012500,Family,3
36085012500,Store,5
36085012804,Store,1
36085012806,Store,1
36085013201,Center,1
36085013203,School,1
36085013203,Store,1
36085013204,Center,1
36085013204,Family,1
36085013204,School,1
36085013204,Store,3
36085013301,Family,2
36085013302,Center,3
36085013302,Family,5
36085013302,Store,10
36085013400,Center,2
36085013400,Store,1
36085013800,Center,1
36085013800,School,1
36085014100,Center,1
36085014100,Family,5
36085014100,School,1
36085014100,Store,2
36085014604,Store,4
36085014604,Workforce Development/Workforce1 Career Center,1
36085014605,Center,2
36085014605,School,1
36085014606,Center,1
36085014606,Store,3
36085014607,Store,4
36085014608,School,1
36085014700,School,1
36085014700,Store,4
36085015100,Store,3
36085015601,Center,1
36085015601,School,1
36085015601,Store,7
36085015602,Center,2
36085015602,School,1
36085015602,Store,2
36085015603,Center,2
36085016901,Center,2
36085016901,Store,2
36085017005,Family,1
36085017005,School,1
36085017005,Store,2
36085017007,Family,1
36085017009,Family,1
36085017010,Center,1
36085017010,Family,1
36085017010,School,1
36085017010,Store,1
36085017012,Family,1
36085017012,School,1
36085017012,Store,2
36085017300,Store,1
36085017600,Center,1
36085017600,Store,1
36085017700,School,1
36085017700,Store,4
36085018100,Center,1
36085018100,Store,3
36085018701,Store,1
36085018702,Center,3
36085018702,Family,1
36085018702,Store,3
36085018901,Center,2
36085018901,Family,1
36085018901,Store,5
36085018902,Store,3
36085019700,Store,1
36085019800,Center,1
36085019800,School,1
36085019800,Store,2
36085020100,Family,1
36085020100,School,1
36085020100,Store,7
36085020700,Family,7
36085020700,Store,15
36085020700,Workforce Development/Workforce1 Career Center,1
36085020801,Center,1
36085020801,School,1
36085020801,Store,2
36085020803,Center,1
36085020804,Center,1
36085020804,Family,1
36085020804,Store,1
36085021300,Family,3
36085021300,Store,12
36085022300,Family,7
36085022300,Store,1
36085022600,Center,7
36085022600,School,1
36085022600,Store,6
36085022800,Center,2
36085022800,Store,2
36085023100,Family,12
36085023100,School,1
36085023100,Store,2
36085023900,Center,3
36085023900,Family,5
36085023900,Store,3
36085024401,Center,3
36085024401,School,2
36085024402,Store,1
36085024700,Center,1
36085024700,Family,2
36085024700,School,2
36085024700,Store,3
36085024800,Store,9
36085025100,Center,3
36085025100,Store,2
36085027301,Center,8
36085027302,Family,1
36085027302,School,1
36085027302,Store,1
36085027702,School,1
36085027702,Store,5
36085027704,Center,1
36085027705,School,1
36085027706,Center,1
36085027706,Store,5
36085027900,Center,1
36085027900,Store,2
36085029102,Center,1
36085029102,Family,1
36085029102,School,1
36085029102,Store,6
36085029103,Center,2
36085029103,School,1
36085029103,Store,2
36085029104,School,1
36085029104,Store,3
36085030301,Center,1
36085030301,Family,2
36085030301,School,1
36085030301,Store,1
36085030302,Family,10
36085030302,School,1
36085030302,Store,5
36085031901,Center,1
36085031901,Family,5
36085031902,Family,9
36085032300,Store,5
